102591 100091090
102600 100091090
103101 545181844
103153 100091090
103153 90348498
103177 1803720314
103432 20226098
103432 20226098
103432 20226098
104275 368885808
1049118 296658058
105926 374278278
106368 296658058
106368 296658058
106368 296658058
106368 296658058
1070801 52272721
1078365 75306666
1080657 483270183
108103 100091090
108111 20226098
108119 109213963
108119 109213963
108120 20226098
108121 20226098
108124 20226098
108125 20226098
108125 20226098
108127 20226098
108138 75306666
108157 296658058
108242 296658058
108245 135858701
108248 296658058
108299 296658058
108299 368885808
108303 296658058
108307 20226098
108331 20226098
108336 20226098
108370 41625506
108449 20226098
108449 20226098
108463 4030706955
108493 100091090
108500 1969429200
108550 109902362
108587 109213963
108589 280754621
108613 20226098
108632 296658058
108632 296658058
108632 296658058
108633 20226098
108633 52272721
108640 296658058
108640 296658058
108644 296658058
108845 20226098
108846 296658058
108886 529053069
108902 109902362
108910 283864891
108914 296658058
108965 296658058
109125 280754621
109178 100091090
109236 52272721
109243 20226098
109260 120683830
109260 296658058
109260 296658058
109311 20226098
109487 135858701
109491 135858701
109491 1816422065
109491 1816422065
109491 1816422065
109491 1816422065
109500 135858701
109500 1816422065
109500 1816422065
109500 1816422065
109500 1816422065
109502 20226098
109502 20226098
109508 296658058
109525 1803720314
109525 372035481
109527 135858701
109527 135858701
109527 135858701
109527 135858701
109527 135858701
109527 135858701
109527 135858701
109527 135858701
109530 296658058
109532 296658058
109539 372035481
109545 20226098
109628 57189323
109628 57189323
109628 57189323
109628 57189323
109628 57189323
109640 135858701
109714 483270183
109729 1969429200
109734 109213963
109827 109213963
109995 1343967564
109998 1803720314
109998 296658058
110043 280754621
110065 75306666
110215 109902362
110215 296658058
110215 296658058
110215 296658058
110215 296658058
110278 1323257970
110334 541001620
110334 541001620
110334 541001620
110334 541001620
110400 20226098
110400 4036417663
110716 296658058
110716 296658058
110716 296658058
110716 296658058
110740 109902362
111709 296658058
111709 296658058
112167 280754621
112281 296658058
112471 296658058
112515 296658058
112705 1969429200
112817 549349097
114099 20226098
114600 20226098
114954 296658058
115162 296658058
115502 100091090
115569 355654248
116254 296658058
117893 296658058
118940 1803720314
119978 83715386
120255 296658058
120864 20226098
122021 296658058
126329 109902362
126329 109902362
126443 109902362
1293873172 549349097
1293904907 109213963
1293951984 325890444
1293953928 100091090
1294109866 4030706955
1294125521 540114760
1294872842 135858701
1294899223 109213963
1294899563 110687265
1295212133 52272721
1295268037 283864891
1297483 135858701
1297492096 109213963
1297493114 135858701
1297493114 135858701
1298392305 296658058
1298392305 296658058
1298392305 296658058
1298398083 296658058
1298398083 296658058
1298398083 296658058
1298398083 296658058
1298401448 109213963
1298401448 109213963
1298401448 109213963
1298402120 109213963
1299326404 100091090
1299326404 109213963
1299326404 355654248
1299424231 100091090
1299550338 321118040
1299844831 296508803
1299844911 109213963
1300160027 1323257970
1300423074 334095530
1300784230 296658058
1302066394 100091090
1302106803 1497085517
1302269785 1969429200
1302604754 296658058
1303027499 100091090
1303027499 100091090
1303027499 100091090
1303027499 100091090
1303027499 109213963
1303027499 1299733662
1303027499 1299733662
1303027499 355654248
1303027499 386382180
1303027499 4036417663
1303027499 74572013
1303028179 334095530
1303219343 109213963
1303273415 1969429200
1304685375 109213963
1304695312 368885808
1304931035 483270183
1305367734 1969429200
1305367734 1969429200
1306248414 540114760
1306498831 41625506
1306923998 334095530
1306923998 368885808
1306923998 529053069
1307363168 372426144
1307385071 1803720314
1307385071 4036417663
1307385071 4036417663
1307601340 296658058
1307822772 545181844
1308070 282370910
1310940678 109902362
1311347305 75306666
1311347309 109213963
1311347309 109213963
1311347309 109213963
1311347309 109213963
1311568554 135858701
1311670554 1803720314
1313363502 529053069
1313740689 109213963
1314233298 296658058
1315441728 75306666
1315621047 3248162956
1315718569 109213963
1315718569 1299733662
1315812476 540114760
1316330903 52272721
1316824731 296658058
1316824731 296658058
1316824731 296658058
1316824731 296658058
1317145419 540114760
1317318236 109902362
1317318240 334095530
1317337111 1969429200
1317366254 368885808
1317420774 20226098
1317457735 4030706955
1317457805 17944090
1317457805 1969429200
1317457815 52272721
1317508389 109902362
1318571230 1528570202
1319634835 334095530
1319690190 283864891
1319805087 61382708
1319891450 334095530
1319891450 334095530
1320100071 368885808
1320101152 100091090
1320101152 109213963
1320101152 334095530
1320791115 100091090
1321392087 100091090
1321919929 296658058
1323148446 75306666
1323301365 100091090
1323301630 296658058
1323301630 296658058
1323301630 296658058
1323301630 296658058
1323301630 296658058
1323301630 296658058
1323304980 109213963
1323304980 474989529
1323736730 100091090
1323870366 372426144
1323977615 296658058
1324024510 100091090
1324648148 20226098
1324648148 20226098
1324648148 20226098
1324880066 135858701
1325711261 540114760
1325711261 63728035
1325905146 13905905
1328315092 52272721
1328892588 100091090
1328892588 100091090
1328962918 296658058
1329228822 100091090
1329679351 296658058
1329679351 296658058
1329719698 1528570202
1329719698 61382708
1329734090 1838055399
1329734169 109213963
1329734169 342404009
1329941840 1528570202
1329941840 1528570202
1329941840 1528570202
1329941840 1528570202
1329941840 1528570202
1329941840 1528570202
1330348068 20226098
1330348068 321118040
1330589933 368885808
1330603087 368885808
1331140774 109902362
1331157282 474989529
1331157282 474989529
1331157282 474989529
1331157282 474989529
1331819951 358269079
1332439881 296658058
1332662900 135858701
1332675144 540114760
1332689151 296658058
1332702669 1969429200
1332725422 100091090
1332725422 100091090
1332725422 100091090
1332725422 4036417663
1333904985 100091090
1333904985 100091090
1333904985 280754621
1333904985 374278278
1333904985 374278278
1334095932 483270183
1334270056 296658058
1334270056 296658058
1334270056 296658058
1334270056 296658058
1334270056 296658058
1334270056 296658058
1334296072 63728035
1334667445 372426144
1335387420 280754621
1335387420 280754621
1335406718 280754621
1335406718 280754621
1335409228 280754621
1335452711 52272721
1335590077 100091090
1335742735 280754621
1335742735 374278278
1335841973 296658058
1336001238 52272721
1336508425 374278278
1336790005 616618652
1336856498 386382180
1338064727 280754621
1338064727 374278278
1338064727 374278278
1338064727 545181844
1338064727 545181844
1338146897 372426144
1338146897 372426144
1338146897 372426144
1338146897 529053069
1338695683 529053069
1338728670 75306666
1339422595 1969429200
1339805651 296658058
133998 109213963
1340001309 52272721
1340001858 372426144
1340080287 52272721
1340627237 100091090
1340627237 372426144
1340673014 100091090
1340673014 100091090
1340673014 374278278
1340673014 74572013
1340677881 342404009
1340677881 374278278
1340684301 135858701
1340684301 135858701
1341097498 74572013
1341474473 109213963
1342022280 1497085517
1342511971 100091090
1342511971 372426144
1342511971 483270183
1342592226 374278278
1343027671 1803720314
1344670477 545181844
1345336667 334095530
1345336667 334095530
1345336667 334095530
1345353903 529053069
1345630865 100091090
1345630865 540114760
1345936196 1803720314
1347135100 96943120
1347135100 96943120
1347650362 368885808
1347652342 1647240833
1347652342 296508803
1347739921 15723173
1347873262 1796305972
1348456734 283864891
1349198831 20226098
1349198831 540114760
1349198831 616618652
1349262576 109213963
1349262576 109213963
135019 540114760
135020 540114760
135023 282370910
135029 296658058
1350491983 374278278
1350658663 109213963
135092 20226098
135092 20226098
1351188267 100091090
1351384773 75306666
1351384773 75306666
1351449323 296658058
1351449323 296658058
1351449323 296658058
1351449323 296658058
1351603812 545181844
1351603812 545181844
1351603812 545181844
1351607468 372426144
135188 1969429200
1351985793 483270183
1352024189 1497085517
135235 296658058
135264 296658058
1352968519 52272721
1353010330 296658058
1353194608 75306666
1353444558 100091090
1353535 4030706955
1353645185 52272721
1354304100 540114760
1354608511 283864891
1354629987 100091090
135513 20226098
1355292203 41625506
1355847309 296658058
1355847309 296658058
1355847309 296658058
1356353412 52272721
1356972632 540114760
1357374738 83715386
1357774918 52272721
1357785909 20226098
1357785909 20226098
1357825630 541001620
1357860295 109902362
1359356908 109213963
1359659745 61382708
1359815264 616618652
1359818052 109213963
1359818052 334095530
1359818052 334095530
1359818052 334095530
1359818052 4036417663
1359818052 4036417663
1359818052 61382708
1360526032 109213963
1360807178 135858701
1360833175 296658058
1364351247 372426144
1364370823 280754621
1364370823 296658058
1364370823 296658058
1365181736 283864891
1365209195 52272721
1365914222 100091090
1366001376 4036417663
1366216050 100091090
1366216050 100091090
1366216050 1299733662
1366216050 529053069
1366496420 100091090
1366496420 109902362
1366606604 1803720314
1367142389 334095530
1367358886 109213963
1367358886 3267498124
1367408290 100091090
1367408290 100091090
1367521756 545181844
1367521756 545181844
1368371706 100091090
1368371706 1803720314
1368754688 296658058
1368754689 1528570202
1368754689 334095530
1368754722 109213963
1368754722 540114760
1368754722 540114760
1368754722 540114760
1368754722 540114760
1368756097 100091090
1368756097 109213963
1368756097 1528570202
1368756116 529053069
1368756196 334095530
1369404553 135858701
1370879848 334095530
1370879993 280754621
1370879993 280754621
1370879993 280754621
1370879993 30701629
1370879993 30701629
1370879993 30701629
1371378364 4036417663
1371382065 1803720314
1371382065 334095530
1371382065 334095530
1371382065 334095530
1371406817 334095530
1371939273 109213963
1371939273 20226098
1372510711 334095530
1372510711 334095530
1372510711 334095530
1372510711 334095530
1372584200 100091090
1372584200 321118040
1372721552 616618652
1372723333 545181844
1373002687 283864891
1373002687 545181844
1373500911 109213963
1373706768 20226098
1373706768 545181844
1373708382 334095530
1374016541 109213963
1374475881 1796305972
1374490167 100091090
1375468475 474989529
1375468475 474989529
1375468475 474989529
1375468475 474989529
1375468479 296658058
1375468479 296658058
1375468479 296658058
1375514229 296658058
1375539402 100091090
1375682767 52272721
1375813167 100091090
1375914761 355654248
1376001732 100091090
1376142151 296658058
1376142151 296658058
1376142151 296658058
1376647672 296658058
1377331994 280754621
1378463108 20226098
1378463108 20226098
1378463108 20226098
1378491284 100091090
1378876552 135858701
1378905811 334095530
1379458324 100091090
1379662223 109902362
1380075991 483270183
1380100575 1969429200
1380412463 358269079
1380412463 358269079
1380834117 296658058
1380921573 109213963
1380921573 1497085517
1381161677 342404009
1381814876 355654248
1381814876 355654248
1382233521 549349097
1382323050 296658058
1382576173 325890444
1383059059 100091090
1383131802 52272721
1383233361 321118040
1383233424 57189323
1383233424 57189323
1383233424 57189323
1383233424 57189323
1383381667 296658058
1383381667 296658058
1383505534 545181844
1383505534 545181844
1383505534 545181844
1383505534 545181844
1383505534 545181844
1383505534 616618652
1383742274 283864891
1383927243 1323257970
1383943253 334095530
1384062458 4036417663
1385316972 100091090
1385387697 1803720314
1385566412 334095530
1385566412 334095530
1386055583 57189323
1386735593 1497085517
1386737233 1528570202
1387105994 20226098
1387559339 296658058
1387559339 296658058
1387581250 109213963
1387581250 75306666
1388298124 4030706955
1388592946 20226098
1388594162 545181844
1388674995 355654248
1388674995 540114760
1389879192 100091090
1389882639 1299733662
1389882639 296508803
1389882639 372426144
1389882639 372426144
1389882639 52272721
1389882897 372426144
1389882972 20226098
1390081 75306666
1390375470 100091090
1390389051 1803720314
1390389051 321118040
1390389051 545181844
1390469652 4016712418
1390480249 100091090
1391068674 283864891
1391126134 100091090
1391335941 100091090
1391335941 20226098
1391665603 4036417663
1392154491 20226098
1392155391 20226098
1392908905 109213963
1392940230 283864891
1392990601 296658058
1392990601 296658058
1392990601 296658058
1392990601 296658058
1392990601 296658058
1392990601 296658058
1392990601 296658058
1393192820 483270183
1393271568 321118040
1393271568 334095530
1393271568 334095530
1393397310 20226098
1393399161 386382180
1393399285 334095530
139342 342404009
139342 545181844
1393467336 109902362
139353 20226098
139357 1969429200
139357 1969429200
139357 282370910
139357 282370910
139357 296658058
139359 52272721
139361 20226098
139361 292636281
1393627715 374278278
1393632137 1497085517
1393632137 1497085517
1393632138 110687265
1393632139 1497085517
1393632572 334095530
1393632572 334095530
1393633521 100091090
139366 20226098
139371 109213963
139371 1969429200
139371 20226098
139371 296658058
139373 280754621
1393739628 109213963
1393739628 109213963
1393739628 334095530
139375 1803720314
139375 1969429200
139375 20226098
139375 20226098
139375 296658058
139379 57189323
139381 1803720314
139381 20226098
139383 540114760
139385 20226098
139390 616618652
139391 20226098
139391 20226098
139391 20226098
139392 20226098
1394155242 358269079
139424 296658058
139424 296658058
139429 57189323
139429 57189323
139429 57189323
139429 57189323
139429 57189323
139434 296658058
139434 4036417663
139437 100091090
139437 296658058
139437 296658058
139437 296658058
139437 296658058
139437 540114760
1394402692 100091090
1394402692 1343967564
139441 540114760
139443 20226098
139443 540114760
139443 540114760
139447 296658058
139449 296658058
139463 1528570202
139463 20226098
139463 296658058
139463 296658058
139463 296658058
139463 296658058
139463 296658058
139463 296658058
139463 296658058
139463 296658058
139463 296658058
139469 296658058
139469 296658058
139469 296658058
139471 100091090
139471 100091090
139471 100091090
139471 100091090
139471 100091090
139471 20226098
139471 540114760
139478 109213963
139481 1796305972
139481 1803720314
139481 1969429200
139481 4030706955
139481 4030706955
139481 57189323
139484 1664426420
139484 296658058
139491 4030706955
139494 57189323
139497 296658058
139497 296658058
1395041246 368885808
1395785582 374278278
1396146254 334095530
1396208259 296508803
1396438012 374278278
1396438012 374278278
1396568808 368885808
1396881492 109213963
1396905451 296508803
1396977985 135858701
1397159290 283864891
1397159290 545181844
1397160249 110687265
1397160249 1497085517
1397160249 41625506
1397293095 4036417663
1397293095 52272721
1397345903 109213963
1397680225 100091090
1397680225 100091090
139808 109213963
139808 296658058
139808 474989529
139827 296658058
139827 296658058
1398283847 282370910
1398284251 386382180
1398352909 545181844
1398567085 75306666
1398899125 386382180
1398914405 100091090
1399112679 540114760
1399397321 545181844
1399397321 545181844
1399809649 4015773754
1401302057 334095530
1401740583 3248162956
1401863689 100091090
1401863689 100091090
1401863689 109213963
1401863689 109902362
1401863689 4036417663
1402386282 4036417663
1403215687 1803720314
1403215687 296658058
1403215687 296658058
1403215687 296658058
1403215687 296658058
1403215687 334095530
1403215687 474989529
1403221664 4036417663
1403626834 100091090
1404530801 11997809
1404531624 283864891
1404531625 1803720314
1404709472 374278278
1404840051 100091090
1404845902 100091090
1404906641 52272721
1405202956 109902362
1405541519 4036417663
1405908431 1497085517
1405908431 71460767
1406062963 4030706955
1406062963 74572013
1406257254 4036417663
1406427647 20226098
1406427647 20226098
1406642934 358269079
1407214788 100091090
1407355706 540114760
1407355706 540114760
1407424616 1497085517
1407795998 296658058
1407951448 283864891
1407951508 1969429200
1408432753 1497085517
1408614721 20226098
1409201828 100091090
1409329100 545524942
1409911799 355654248
1409911800 280754621
1409911804 109902362
1409911804 280754621
1409949994 3267498124
1410233867 296658058
1410438143 325890444
1410596825 358269079
1410596825 358269079
1410596825 358269079
1410647903 1299733662
1410647903 1528570202
1410647903 4036417663
1410819818 372426144
1410949380 296658058
1411558182 109902362
1411621924 110687265
1411718813 296658058
1411718813 71460767
1411784746 109902362
1411784746 20226098
1411784746 545181844
1411793721 100091090
1411793721 540114760
1411847364 1969429200
1411847364 1969429200
1411847364 1969429200
1411847995 1969429200
1411847995 1969429200
1411847995 1969429200
1411848149 1969429200
1411849063 1969429200
1411849063 1969429200
1412022967 109902362
1412264341 100091090
1412264341 100091090
1412264341 110687265
1412264341 1343967564
1412264341 541001620
141241 1969429200
1412597751 100091090
1412597751 109213963
1412597751 529053069
1412597751 529053069
1412929557 100091090
1412929557 100091090
1413368107 334095530
1413368107 355654248
1413368107 355654248
1413377028 109902362
141340 20226098
1413487057 109213963
141373 1969429200
141373 1969429200
141373 20226098
141373 20226098
1413863166 100091090
1413863166 109213963
1413863166 1528570202
1413863166 1969429200
1413863166 1969429200
1413863166 296658058
1413863166 3267498124
1413863166 334095530
1413863166 358269079
1413863166 474989529
1413863166 474989529
1413863166 474989529
1413863166 474989529
1413863166 541001620
1413863166 57189323
1413863166 57189323
1413863166 57189323
1413863166 57189323
1415576894 1299733662
1415576907 334095530
1415697454 1497085517
1415697454 372426144
1415813272 374278278
1415966736 296658058
1415966736 296658058
1415966736 296658058
1416664179 549349097
141672 296658058
1416840107 334095530
1416916790 1803720314
1416916790 1803720314
1416916790 52272721
1416916827 283864891
1416916864 20226098
1416916864 541001620
1416922423 1497085517
1417064063 100091090
1417454947 109213963
1417704283 100091090
1417704283 100091090
1417862046 4036417663
1417892368 296658058
1417892370 296658058
1418131335 109213963
1418418779 334095530
1418418779 334095530
1418418779 334095530
1420260962 75306666
1420688449 374278278
1421191920 1299733662
1421849426 100091090
1422134833 1803720314
1423254767 1497085517
1423985782 1497085517
1423985782 4036417663
1424286681 109213963
1424766684 1969429200
1424766684 296658058
1424766684 296658058
1424843586 100091090
1424843586 20226098
1424916458 540114760
1425619718 109213963
1425676569 1796305972
1425676569 1803720314
1425676569 1803720314
1426070676 100091090
1426112587 280754621
1426157742 355654248
1426157742 355654248
1428243603 109213963
1428243603 321118040
142931 1664426420
1429392929 109213963
1430319727 109213963
1430553910 296658058
1430595488 1299733662
1430773100 1528570202
1430989428 100091090
1431353965 1803720314
1431978171 483270183
1432229429 20226098
1432380932 545181844
1432491214 100091090
1432491214 100091090
1432514639 321118040
1432732732 100091090
1433060985 372426144
1433448814 483270183
1433786457 540114760
143404 52272721
1434078840 109213963
1434078840 334095530
1435186420 20226098
1435186420 20226098
143523 52272721
1435594710 100091090
1436910205 1299733662
1437222762 135858701
1437251162 109213963
143742 20226098
1438327971 296658058
1438465625 296658058
1438465627 342404009
1438724761 545181844
1439274294 334095530
1439323610 61382708
1439355370 100091090
1439355370 296658058
1439503366 100091090
1439704379 321118040
1440103631 100091090
1440148560 135858701
1440164358 1803720314
1440164358 4015773754
1440222808 20226098
1440266488 109213963
1440427885 280754621
1440802870 3267498124
1440881229 529053069
1441290403 20226098
1441290403 20226098
1441290403 334095530
144188 20226098
144190 296658058
1442339347 52272721
144243 20226098
1442451770 100091090
1442451774 1969429200
144253 20226098
1442857745 334095530
1443002992 545181844
1443022767 540114760
144307 296658058
144359 20226098
144359 296658058
144359 296658058
1443593535 545524942
144380 100091090
1443881018 540114760
1443881019 540114760
144515 109213963
144515 296658058
144515 61382708
1445214028 109213963
1446138503 1299733662
1446138503 1664426420
1446138503 1664426420
1446138503 1664426420
144619 109902362
1447628159 296658058
1447840399 109213963
1448136306 372426144
1449234417 100091090
1449416890 100091090
1449559810 100091090
1449559810 20226098
1449581859 296658058
1449741265 1796305972
1449754335 296658058
1449782341 321118040
1449991223 1803720314
1449991947 1803720314
1450080846 109213963
1450718554 321118040
1450782070 100091090
1450782070 100091090
1450782070 545524942
1451169968 1803720314
1451169968 1803720314
1451452397 109213963
1451658289 296658058
1451658289 296658058
1451658289 296658058
1451856374 616618652
1451856375 100091090
1451856375 100091090
1451856375 1803720314
1451856375 283864891
1451856375 540114760
1451860364 109902362
1452233312 355654248
145245 20226098
145245 20226098
1452668705 100091090
1452668705 1803720314
1452668705 1803720314
1452668705 372426144
1452668705 540114760
1452913090 283864891
1453011783 545181844
1453012476 109213963
1453024326 52272721
1453024326 52272721
145337 20226098
145337 296658058
1453378210 52272721
1453639477 540114760
1454140144 135858701
1454140144 135858701
1454140144 386382180
1454409214 296658058
1454409214 296658058
1454409214 296658058
1454409214 296658058
1454409214 296658058
1454704945 545181844
1454704946 368885808
1454981346 109213963
1454981346 1803720314
1455767549 52272721
1455988858 109902362
1456286877 109213963
145634 296658058
1456445961 280754621
1456445962 280754621
1456445962 342404009
1456445962 52272721
1456446168 1497085517
1456446168 1497085517
1456446168 280754621
1456446168 342404009
1456446168 368885808
1456446169 109902362
1456446169 1497085517
1456446169 1528570202
1456446169 342404009
1456446169 529053069
145650 296658058
145653 20226098
145653 296658058
1456659704 4016712418
1456669276 109213963
1456669276 109902362
1456669276 1969429200
1456669276 334095530
1456669276 52272721
1456669276 52272721
1456669276 52272721
1456669276 529053069
1456669276 57189323
1457704790 283864891
1457771877 1299733662
1457773014 334095530
1457773014 334095530
1458394045 100091090
1458911894 61382708
1459128717 545181844
1459356337 20226098
1459731368 109902362
1459783374 1343967564
1459783374 374278278
1460674564 135858701
1461230473 1323257970
1461256747 109213963
1461637508 334095530
1461637508 374278278
1461637508 541001620
1461637510 374278278
1461640423 374278278
1461640425 374278278
1461640425 374278278
1462659723 100091090
1462665323 109213963
1463165983 100091090
1463618249 52272721
1464112021 100091090
1464928350 1969429200
1464928350 52272721
1465056396 109213963
1465057186 1803720314
1465225545 57189323
1465253975 342404009
1465253975 474989529
1465253975 474989529
1465253975 474989529
1465253975 474989529
1465253975 52272721
1465253976 109213963
1465253976 1816422065
1465253976 1816422065
1465253976 1816422065
1465253976 1816422065
1465253976 52272721
1465253979 100091090
1465253979 540114760
1465257532 52272721
1465257532 52272721
1465257533 1803720314
1465257533 296658058
1465257533 296658058
1465257533 342404009
1465257533 540114760
1465257533 540114760
1465257533 540114760
1465257533 540114760
1465257535 540114760
1465290031 1969429200
1465306381 135858701
1465811008 616618652
1465811008 616618652
1465811008 616618652
1465811008 616618652
1467818922 109213963
1467971656 100091090
1467971656 135858701
1467971656 135858701
1467971656 321118040
1467971656 372426144
1468158800 100091090
1468192805 109213963
1468507490 1803720314
1468592465 109902362
1468592465 334095530
1468592465 334095530
1468592465 52272721
1468749698 109213963
1469826254 545181844
1469826255 540114760
1469826256 100091090
1469826256 1299733662
1470057289 100091090
1470057289 1299733662
1470057289 1497085517
1470057289 1497085517
1470057289 540114760
1470105798 280754621
1470274244 296658058
1470274244 296658058
1471086388 100091090
1471086388 100091090
1471111588 100091090
1471795760 296658058
1472030436 4036417663
1472273116 100091090
1472322139 100091090
1472322139 100091090
147258 296658058
1472614938 483270183
1472618655 483270183
1472618658 293989186
1472802865 1664426420
1472802865 1664426420
1472921626 100091090
1472921626 1803720314
1472921626 75306666
1472921626 75306666
1472921626 75306666
1473544948 296658058
1473544948 296658058
1473544948 296658058
1473720185 100091090
1473720185 386382180
1473720185 529053069
1473721137 71460767
1473721141 109213963
1473721141 75306666
1473886611 540114760
1473886611 540114760
1473889199 100091090
1474157796 321118040
1474275399 1803720314
1474275399 20226098
1474411442 296658058
1474411442 296658058
1474411442 296658058
1474411442 296658058
1474411442 296658058
1474411443 321118040
1474411443 57189323
1474861444 4036417663
1474959445 545181844
1475303225 282370910
1475303225 334095530
1475627906 283864891
1476233568 4036417663
1476233570 109213963
1476233571 368885808
147757 296658058
1477576719 1803720314
1477576719 540114760
1477670 540114760
1478028488 1969429200
1478435236 109213963
1478661 374278278
1479198429 296658058
1479198429 296658058
1479198429 296658058
1479198429 296658058
1479230410 283864891
1479507542 100091090
1479507542 1497085517
1479507542 20226098
1479507542 321118040
1479507542 321118040
1479507542 372035481
1479507542 372035481
1479510189 372035481
1479706965 109213963
1480090146 109213963
1480263988 135858701
1480378518 296658058
1480380026 100091090
1480380026 1299733662
1480380030 100091090
1480455689 20226098
1480455797 100091090
1481132596 1299733662
1481132597 1816422065
1481132597 52272721
1481132597 529053069
1481132597 529053069
1481451202 358269079
1481480 325890444
1481635386 334095530
1481636179 372426144
1481688592 20226098
1481688592 20226098
1481688592 20226098
1481691075 100091090
1481858629 20226098
1481858629 20226098
1481911863 321118040
1481911863 321118040
1481929839 124923973
1482048249 4030706955
1482623592 325890444
1482876352 342404009
1482927399 1803720314
1483521142 1969429200
1483521142 1969429200
1483786045 321118040
1483891536 109213963
1484134848 109213963
1484233785 334095530
1484233785 334095530
1484233785 334095530
1484577479 368885808
1484843 296658058
1485395737 109213963
1485815084 540114760
1485899784 52272721
1486058262 100091090
1486086374 20226098
1486095692 540114760
1486395021 372426144
1486430 296658058
1486450542 296658058
1486450542 296658058
1487202781 109902362
1487202784 100091090
1487202784 109213963
1487202784 1497085517
1487205164 109213963
1487205164 1803720314
1487205165 1803720314
1487205165 1803720314
1487205165 4036417663
1487205168 109902362
1487205168 1803720314
1487205169 1803720314
1487205170 109213963
1487440600 100091090
1488596597 483270183
148868 374278278
148868 374278278
1488763761 1497085517
1488790719 283864891
1488790719 296658058
1488990355 386382180
1488990357 109213963
1488990357 109213963
1488990357 1803720314
1490093393 1803720314
1490098724 321118040
1490124899 540114760
1490185355 63728035
1490342939 109213963
1490343020 109213963
1490390437 100091090
1490390437 355654248
1490391246 334095530
1490611167 1401759075
1492049185 1528570202
1492319441 124923973
1492319444 90348498
1492362609 1803720314
1492362609 1803720314
1492875494 100091090
1492875494 100091090
1492875494 100091090
1492886322 109213963
1493139075 372426144
1493931568 100091090
1494544998 296508803
1495052210 109213963
1495838000 109213963
1495838000 529053069
1496747474 296658058
1496776216 296658058
1496828999 135858701
1496828999 321118040
1497179369 109213963
1497586066 52272721
1497742874 334095530
1497908610 135858701
1498062087 1969429200
1498062087 334095530
1499345116 283864891
1499345116 283864891
1499765321 1969429200
1499838712 57189323
1500241926 100091090
1500290153 334095530
1500428187 334095530
1501497730 1969429200
1501529130 334095530
1501529130 334095530
1501530172 540114760
1501530173 109213963
1501530173 1803720314
1501530173 334095530
1501530173 540114760
1501530177 616618652
1501548559 386382180
150389 483270183
150394 1816422065
150416 52272721
150421 282370910
150422 1497085517
150430 57189323
150432 296658058
150433 135858701
150438 135858701
150456 1341334825
150470 135858701
150470 135858701
150470 135858701
150470 135858701
150474 135858701
150480 135858701
150486 282370910
150502 109902362
150524 109902362
150526 540114760
150528 1816422065
150528 1816422065
150530 1816422065
150532 135858701
150552 616618652
150561 1528570202
150565 135858701
150565 1528570202
150565 1528570202
150565 1528570202
150565 296658058
150565 372035481
150565 52272721
150566 282370910
150570 52272721
150617 109902362
150619 283864891
150619 574000875
150623 1528570202
150623 296658058
150623 296658058
150623 321118040
150625 135858701
150625 135858701
150651 109902362
150651 109902362
150651 296658058
150654 1401759075
150654 1816422065
150654 52272721
150654 57189323
150660 109902362
150660 1528570202
150660 1528570202
150660 1528570202
150660 1528570202
150660 1528570202
150660 283864891
150665 52272721
150665 52272721
150667 355654248
150671 135858701
150858 296658058
150996 20226098
151200 296658058
152428 1528570202
153784 75306666
154480 296658058
154480 296658058
155438 109213963
155755 1803720314
155755 1969429200
155780 100091090
155780 100091090
155780 1796305972
155780 1796305972
155780 282370910
155780 282370910
155780 282370910
155780 545181844
155780 71460767
155800 280754621
155802 20226098
155885 549349097
156050 296658058
156154 20226098
156175 20226098
156284 321118040
156291 100091090
156291 109213963
156313 20226098
156324 20226098
156374 296658058
156717 1497085517
156736 100091090
156772 57189323
1567943 52272721
156896 1497085517
156910 109213963
156910 1323257970
156915 1528570202
156954 283864891
156956 109902362
156956 296658058
157092 1323257970
157092 374278278
157092 52272721
157152 100091090
157263 109213963
157263 20226098
157263 52272721
157276 321118040
157276 334095530
157276 52272721
157288 296658058
157973 109213963
158885 280754621
158885 280754621
158939 280754621
158939 296658058
1606800 100091090
16139381 52272721
16139398 52272721
163123 109902362
163123 1323257970
163441 109213963
163441 109213963
163441 109213963
163441 109213963
16347901 96943120
16347901 96943120
16431885 11997809
16432052 296658058
16501053 296658058
16501053 296658058
16501053 296658058
16502163 20226098
165347 100091090
165361 100091090
165394 296658058
1656149 296508803
16596479 545181844
16646460 69961016
16661481 545181844
167555 20226098
167555 20226098
167595 109902362
167595 110687265
167595 1323257970
167595 280754621
167597 374278278
167654 100091090
167655 109902362
167694 75306666
167705 109902362
167709 109902362
167751 368885808
167770 75306666
167799 321118040
167820 20226098
167850 109902362
167856 109902362
167860 109902362
167876 109213963
167876 1803720314
167880 20226098
167880 20226098
167880 20226098
167880 368885808
167888 109902362
167890 296658058
167892 20226098
167916 20226098
167916 296658058
167921 296658058
167921 296658058
167921 296658058
167921 296658058
167921 296658058
167937 135858701
167942 100091090
167946 1299733662
167956 296658058
167956 296658058
16808545 282370910
168089 20226098
168097 308090480
168104 296658058
168107 355654248
168108 296658058
168116 296658058
168124 296658058
168124 296658058
168147 75306666
168160 20226098
168160 20226098
16835273 75306666
168411 20226098
168456 20226098
168483 20226098
168500 296658058
168618 20226098
168644 20226098
168671 20226098
168707 20226098
168724 296658058
16880864 342404009
16880947 342404009
16880947 342404009
168816 296658058
168828 109213963
168905 296658058
168905 296658058
168905 296658058
169053 1969429200
169054 296658058
169054 296658058
169054 296658058
169185 296658058
169517 296658058
1695646 20226098
1697604 4030706955
169765 100091090
1698421 358269079
1700443 374278278
170337 296658058
170352 100091090
171109 296658058
171121 100091090
17177237 75306666
17177324 1552567574
172227 296658058
172227 296658058
172227 296658058
17240029 1969429200
17261598 296658058
17276013 545181844
17319292 545181844
17341073 52272721
174082 20226098
174082 20226098
174082 540114760
174082 540114760
17449172 374278278
174944 1803720314
174963 100091090
17541009 296508803
176054 20226098
176706 296658058
176817 1664426420
176999 83715386
17858810 1803720314
17858810 540114760
17863892 57189323
179064 20226098
179242 109213963
1803350249 374278278
1803554594 100091090
1803554594 100091090
1804593015 545181844
1805086601 100091090
1805115057 540114760
1805289414 1343967564
1805289414 1969429200
1805289414 372426144
1805289414 96943120
1805289414 96943120
1805290276 372426144
1805290276 372426144
1805290301 20226098
1805290301 20226098
1805290301 293989186
1805380227 100091090
1805380249 372426144
1805382061 372426144
1805388429 334095530
1805388429 334095530
1805639523 1299733662
1805842261 355654248
1806316871 100091090
1806316871 100091090
1806323763 100091090
1806323764 334095530
1806323764 334095530
1806516145 282370910
1806516962 20226098
1806683394 368885808
1806779079 100091090
1806905006 1528570202
1806926690 135858701
1807794 321118040
1807796552 540114760
1807796555 1343967564
1807796555 321118040
1807799506 52272721
1807824 135858701
18078265 52272721
1807905981 540114760
1808007623 135858701
1808007623 135858701
1808007623 135858701
1808008464 549349097
1808249963 100091090
1808249963 100091090
1808249963 100091090
1808250358 100091090
1808250358 109213963
1808250358 109213963
1808250358 1497085517
1808250358 1497085517
1808250358 386382180
1808257852 109213963
1808261059 540114760
1808262953 52272721
1808362337 283864891
1808365140 100091090
1808651916 11997809
1809137689 3810738776
18094919 57189323
18095043 549349097
1809746617 334095530
1809746617 334095530
1809746622 334095530
1809746622 334095530
1809746622 334095530
1809750825 283864891
1809750825 334095530
1809755469 52272721
1809801745 296658058
1810827382 20226098
1811126096 52272721
1811283484 540114760
1811506614 334095530
1811881459 372426144
1812175842 545181844
1812202432 109902362
1812202433 109902362
18127334 545181844
1813312517 109213963
1813450530 61382708
1813700975 358269079
1813818742 374278278
1813960297 110687265
1813960297 374278278
1814036459 109902362
1814036464 109902362
1814036466 109902362
1814260635 110687265
1814779807 374278278
1814784389 540114760
1815692964 540114760
1817506681 283864891
1817947286 100091090
1818075714 1803720314
1818333071 109213963
1818819577 109213963
1818820553 1299733662
1818844744 386382180
1818844747 1969429200
1818960760 52272721
1819027992 100091090
1819637194 62493159
1819714118 296658058
1819924 52272721
1819924178 52272721
1821062772 368885808
18212267 20226098
1821234755 1528570202
18213298 20226098
1822995789 1497085517
1822995789 386382180
1823002072 52272721
1823035883 109902362
1823035883 368885808
1824149662 1528570202
1824442185 120683830
1824927085 4030706955
1824940218 296658058
1825802960 1969429200
1826189041 100091090
1826189041 100091090
1826189041 372426144
1826402094 100091090
1826783715 100091090
1826960354 372426144
1827172580 540114760
1829833709 296658058
1830342403 334095530
1830419924 1969429200
1830473012 100091090
1830473012 100091090
1830473012 109213963
1831425669 135858701
1832134263 61382708
1832582017 1969429200
1832613463 100091090
1832651805 100091090
1832684671 474989529
1832684671 474989529
1832684671 474989529
1832684671 474989529
1834078177 334095530
1834732035 109213963
1835355493 100091090
1835355493 1664426420
1835355493 1664426420
1835355493 1664426420
1836139178 541001620
1836139178 541001620
183619 282370910
1837818274 1528570202
1838498574 374278278
1838505400 100091090
1838505400 100091090
1840440193 109213963
1840440193 296658058
1840452251 109213963
1840459406 296658058
1840459406 296658058
1840610099 283864891
1840927022 1497085517
1840928845 334095530
1840928845 334095530
1840928845 334095530
1840928845 355654248
1840928845 545181844
1840928845 545181844
1840980719 100091090
1841002409 4036417663
1841260347 372426144
1842025914 100091090
1842025914 529053069
1842563428 1299733662
1842746616 100091090
1842746616 100091090
1842746616 100091090
1842746616 100091090
1842784921 109902362
1842801328 109902362
1842801328 109902362
1842801466 109902362
1842801494 109902362
1843315603 1497085517
1843816490 52272721
1844149003 100091090
1844206133 109902362
1844680639 296658058
1844680639 545181844
1844878693 20226098
1845460977 100091090
1845696092 52272721
1846175356 545181844
1846397895 20226098
1847113012 100091090
1847113012 386382180
1847408145 296658058
1847408145 296658058
1847982009 334095530
1847982009 334095530
1847982023 52272721
1847982027 280754621
1847982031 334095530
1847986660 321118040
1847986660 52272721
1847986660 52272721
1847986667 52272721
1848184710 1816422065
1848184710 1816422065
1848184710 1816422065
1848184710 1816422065
1848375872 100091090
1848375872 283864891
1849057398 52272721
1849532854 3267498124
18495436 110687265
1849674035 355654248
1849674035 474989529
1849674035 474989529
1849674035 474989529
1849674035 474989529
1851231783 296658058
1851231783 355654248
1851657956 368885808
185178 296658058
185178 296658058
1852027037 540114760
1852043547 100091090
1852043547 100091090
1852078274 334095530
1852326658 109213963
1852333162 135858701
1853253710 63728035
1853581161 1528570202
1853581161 296658058
1853581161 541001620
1853595965 539474416
1853733460 541001620
1854075237 109213963
1854075237 109213963
1854105063 109213963
1854219324 540114760
1854936995 358269079
1855121473 374278278
1855135861 135858701
1855135861 135858701
1855413431 1803720314
1855457535 1497085517
1855487830 1803720314
1855715969 616618652
1855715969 616618652
185616 135858701
1856318955 355654248
185700 100091090
185700 296658058
185700 296658058
185700 296658058
185700 296658058
185700 296658058
185700 296658058
185700 355654248
1857026754 135858701
1857026754 540114760
185704 135858701
185704 135858701
185706 296658058
185706 372426144
185712 100091090
185712 109902362
185712 296658058
185712 296658058
185712 296658058
185712 296658058
185712 296658058
185712 574000875
185713 296658058
185713 296658058
185713 296658058
185713 296658058
185713 296658058
185713 296658058
185713 358269079
185715 296658058
185715 296658058
185717 4016712418
185726 109902362
185726 1299733662
185726 296658058
185726 296658058
185726 296658058
185726 296658058
185726 296658058
185726 296658058
185726 296658058
185726 355654248
185726 355654248
185726 483270183
185745 52272721
1857483487 296658058
1857483489 1803720314
1857783807 321118040
185796 296658058
185796 296658058
185796 296658058
185808 296658058
185824 109902362
185824 20226098
185826 1528570202
185836 296658058
1858399796 540114760
1858843336 20226098
1858843336 334095530
1858843336 374278278
185913 135858701
185919 296658058
185925 20226098
185925 20226098
185925 296658058
185925 296658058
1859321 100091090
185937 296658058
185937 296658058
185937 296658058
185937 296658058
18594697 1969429200
185947 4036417663
1859515946 110687265
1859515946 540114760
1859916229 296658058
1860234038 280754621
18602345 4036417663
1860234945 100091090
1860234945 109902362
1860234945 374278278
1860234945 4036417663
1860234945 545181844
1860234955 374278278
1860234957 100091090
1860234957 374278278
1860234968 280754621
1860234968 372426144
1860567964 3810738776
1860625555 109213963
1860625555 109213963
1860673389 100091090
1860673389 100091090
1860673389 100091090
1860678388 52272721
1860838709 109213963
186102 41625506
186105 1803720314
186105 296658058
186105 374278278
186106 20226098
186139 135858701
1861583359 109213963
1861583359 1299733662
1861583359 321118040
1861616984 545181844
186315 1969429200
1863318326 296658058
1863318326 296658058
1863318326 296658058
1863318326 296658058
186345 1528570202
186348 483270183
1863624515 100091090
1863624515 100091090
1863624515 100091090
186405 296658058
186421 4036417663
186429 109213963
186429 1969429200
1864347837 368885808
1864347840 100091090
1864347840 540114760
186453 296658058
186453 321118040
1864604336 63728035
186464 1969429200
1864733693 1969429200
1864737607 100091090
1864902904 474989529
186491 1803720314
186493 296658058
186493 296658058
186493 296658058
186513 109213963
186513 1969429200
186513 1969429200
186513 296658058
186513 296658058
186513 296658058
186513 296658058
186513 540114760
1865138713 109213963
1865662131 540114760
1865938495 1497085517
1866218527 4030706955
186624 1969429200
186672 1969429200
186683 109213963
186683 109213963
186683 296658058
186683 4036417663
1866877994 109213963
186699 1528570202
186699 1528570202
186706 296658058
1867184321 20226098
186767 296658058
186767 296658058
1867936253 474989529
186816 109213963
186816 296658058
1868206873 474989529
1868232868 135858701
186843 1803720314
1868442202 282370910
1868442202 282370910
1868480 20226098
1868480 296658058
186852 100091090
186852 1803720314
1868547 342404009
1868553 296658058
1868874993 109213963
1868874994 529053069
1869012840 1803720314
1869728598 109213963
1869882440 334095530
1869882440 334095530
1869882440 334095530
1870657781 20226098
187076 1528570202
187092 296658058
1871155280 1803720314
187134 109213963
1871381150 540114760
1871381150 540114760
1871868390 283864891
1871868391 283864891
1871868393 355654248
1871868396 283864891
1871871951 355654248
1871871952 355654248
1872048272 20226098
1872087666 109213963
1872403236 540114760
1872434755 100091090
1872434755 1796305972
1872448528 57189323
1872745226 334095530
1872745226 334095530
1872745228 334095530
1872745822 334095530
187283 1803720314
187283 20226098
1872975622 57189323
1872975622 57189323
1872992411 75306666
1873049720 100091090
1873049720 1803720314
1873049720 386382180
18733264 71460767
187374 109902362
187374 296658058
187374 296658058
187417 109902362
187417 1299733662
187417 296658058
187417 296658058
187417 296658058
1874585362 282370910
1875269013 540114760
1875283511 109213963
1875367807 52272721
1875376654 109213963
1875376654 109213963
1875376654 109213963
1875376654 4036417663
1875472 296658058
1876448446 1528570202
187672 109213963
187672 109213963
187672 4036417663
187676 296658058
1877027537 100091090
187723 358269079
1877526024 1528570202
1877702303 283864891
1877702303 283864891
1877702303 283864891
1877702303 283864891
1877824463 296658058
1877824463 296658058
1877824463 296658058
1877824463 296658058
1877854161 100091090
1877854161 1497085517
187807 358269079
1878510866 296658058
1878812258 135858701
1878860746 109213963
1878860746 1401759075
1878860746 20226098
187899 20226098
187904 296658058
187908 296658058
187908 296658058
187908 296658058
187908 296658058
187908 296658058
187908 296658058
187943 4036417663
187953 296658058
187953 75306666
18795421 1816422065
18795421 20226098
18795421 63728035
1880003241 109213963
1880007333 109213963
1880007335 109213963
188016 296658058
1880168585 296658058
1880173734 4036417663
188085 296658058
1880855946 74572013
188095 20226098
1881499352 334095530
188177 20226098
188177 20226098
1881821082 321118040
1881826367 52272721
1882399654 334095530
1882426335 109213963
1882426335 75306666
1882646488 334095530
1882646488 334095530
1882683613 374278278
1882683616 1803720314
1882687941 109213963
188325 1647240833
1883923981 283864891
1884596485 374278278
1885118991 109902362
1885421530 100091090
1885840249 100091090
1885840249 135858701
1885840249 61382708
1885841848 368885808
1885842558 1497085517
1885953958 372426144
188603 1803720314
18860374 545181844
1886114028 100091090
1886122351 100091090
1886122351 100091090
1886221713 1803720314
1886221713 296658058
1886221713 321118040
1886221713 4036417663
1886366521 1528570202
188647 19511725
188647 296658058
188647 297758090
188647 540114760
1887031458 109902362
1887031458 52272721
1887031458 545181844
1887031462 545181844
1887031463 296658058
1887031463 373104028
1887031465 283864891
1887031903 135858701
1887287987 100091090
188761 1803720314
188761 1969429200
188761 71460767
188823 358269079
1888364844 1497085517
1888371814 1497085517
1888371817 334095530
1888371817 334095530
1888371817 334095530
1888371817 545181844
1888371820 545181844
1888390012 321118040
1888390012 321118040
1888390788 4036417663
1888407050 296658058
1888597030 20226098
1888864514 1528570202
1888864514 296658058
1888915574 109213963
1888933954 3810738776
1889549348 296658058
1889635392 100091090
1889635394 100091090
1889635394 100091090
1889635394 100091090
1889711392 100091090
1889726754 358269079
1889784808 1803720314
1890168000 135858701
189022 358269079
18902710 1816422065
18902710 1816422065
1890530891 296658058
1891128746 296658058
1891456138 52272721
1891560549 1803720314
1891560549 282370910
1891560549 282370910
1891560549 282370910
1891560549 282370910
1891560549 282370910
189164 100091090
189164 483270183
1891711659 109902362
1891711659 109902362
1891892638 321118040
1892509530 296658058
1892513656 296658058
189283 358269079
189285 296658058
189285 296658058
189285 296658058
189287 358269079
189293 358269079
189315 100091090
189315 296658058
189315 297758090
189323 1528570202
1893307499 296658058
1893764334 52272721
18938933 63728035
1894007406 109902362
1894094482 541001620
1894277830 52272721
1895116778 334095530
1895330088 374278278
1895372984 296658058
1895377443 296658058
1895377443 296658058
1895377443 296658058
1895377443 296658058
1895416263 100091090
1895416263 100091090
1895952966 52272721
189607 296658058
18961931 135858701
18969210 296658058
1897411863 52272721
1897928759 135858701
1897929075 109213963
18981901 296658058
1898528954 109902362
1899129849 4036417663
1899607629 109902362
1899687006 1497085517
189986 296658058
190072 296658058
1900980218 20226098
1900998147 1969429200
1900998233 372426144
1900998233 4036417663
1900998233 4036417663
1901072308 540114760
1901371647 1323257970
1901371647 296658058
1901371647 355654248
1901372570 355654248
1901911431 109902362
190203 30701629
190203 30701629
190203 30701629
190203 30701629
190203 30701629
190203 342404009
190208 109213963
1902204614 545181844
1902251868 1969429200
1902251868 4036417663
190237 30701629
190237 30701629
190237 30701629
190237 30701629
190237 30701629
190244 20226098
190251 57189323
1903149553 1969429200
190328 296658058
190352 109902362
190360 372426144
1903773837 1299733662
1903990545 296658058
1904097851 1969429200
190418 20226098
190418 20226098
190418 83715386
1904487888 1497085517
190473 100091090
190473 100091090
190473 296658058
190495 296658058
190495 296658058
190495 296658058
190495 296658058
190495 296658058
190526 83715386
190532 1969429200
190532 358269079
190532 358269079
190532 358269079
190532 358269079
1905385998 1969429200
190563 296658058
1905664284 358269079
1905980454 90348498
1906020021 358269079
1906266117 75306666
1906288974 109213963
1906288974 135858701
1907710034 1838055399
1907710034 334095530
1907710034 334095530
1907710034 545181844
1907752576 334095530
1907752576 334095530
19086705 296658058
1909322146 20226098
1909367631 100091090
1909367631 100091090
1909742367 1528570202
1909742367 1528570202
1909742367 1528570202
1909954911 358269079
191015 109213963
191179 109213963
1911908204 283864891
1912034355 282370910
191235 1803720314
191237 20226098
191248 529053069
191316 296658058
191316 296658058
191316 296658058
191316 296658058
191316 296658058
191316 296658058
191316 296658058
191316 296658058
191316 296658058
191316 296658058
191316 296658058
191316 296658058
191316 296658058
1913262091 109902362
1913457398 52272721
1913463889 549349097
1913476397 1803720314
1913476397 374278278
1913763108 109213963
1914323457 100091090
1914323457 20226098
1914680720 296658058
1914909121 109213963
1914909121 1816422065
1914909121 541001620
1914909121 545181844
1914909121 545181844
1914909121 545181844
1914909121 545181844
1915260281 109902362
1915260281 296658058
1915260281 296658058
1915260281 296658058
1915260281 296658058
1915260281 296658058
1915260281 296658058
1915260281 296658058
1915260281 296658058
1915260281 296658058
1915260281 296658058
1915260281 372035481
1915260468 296658058
1915261230 296658058
1915261230 296658058
1915261230 296658058
1915261230 296658058
1915261230 296658058
1915261230 296658058
1915261230 296658058
1915261230 296658058
1915261230 296658058
1915261230 296658058
1915261238 296658058
1915546420 358269079
1915546420 358269079
1915579951 52272721
1915811362 90348498
1915875397 52272721
1916841963 321118040
1916841963 321118040
1916841963 321118040
19169096 296658058
191722 109213963
1918393295 283864891
1920622019 334095530
1920622020 334095530
1920623030 334095530
1920623030 334095530
1920623032 334095530
19207074 1299733662
1920894900 334095530
1922282210 1664426420
1922282210 1664426420
1922282210 1664426420
1922374770 374278278
1922652961 109213963
1923127196 296658058
1923215640 3267498124
1923759485 296658058
1923759485 296658058
1923759485 296658058
1923759485 296658058
1924072773 541001620
1925143565 1969429200
1925606045 20226098
1925929605 1969429200
1926825275 20226098
1926899904 109213963
1927179817 334095530
1927180564 334095530
1927340692 545181844
1927412811 135858701
1927412811 321118040
1929025019 386382180
1929062437 4036417663
19292804 372035481
19293014 321118040
1929355349 334095530
1929355349 334095530
1929355349 545181844
1929355349 57189323
1929356871 540114760
1930893382 368885808
193168 20226098
1932081415 100091090
1932081415 100091090
1932081415 540114760
1932765730 4036417663
1932917100 109213963
1933100033 1838055399
1933100033 1838055399
1933100036 1838055399
1933100036 1838055399
1933100036 1838055399
1934164581 296658058
1934164581 57189323
193473 100091090
193473 100091090
193473 100091090
193482 20226098
1934914280 358269079
193535 100091090
1935649450 296658058
1939227363 135858701
1939386915 296658058
1939457246 109902362
1939711395 296658058
1940017982 296658058
1940769783 374278278
1940771896 358269079
1940771971 296658058
1940771971 296658058
1941900429 374278278
19438337 296658058
1944593655 52272721
1945894789 321118040
194594 296658058
1946688621 135858701
194740 296658058
1949000966 1528570202
1950030661 52272721
1951500280 296658058
1952018809 321118040
1952018809 52272721
1952501704 296658058
1952521923 20226098
1952805380 61382708
1952805380 61382708
1952805380 61382708
1952838646 296658058
1953592833 1838055399
1953592833 1838055399
1953592833 1838055399
1953592833 334095530
1953592833 96943120
1953592833 96943120
1954092991 541001620
1954696397 109213963
1954696398 57189323
1954696398 57189323
1954696398 57189323
1954696398 57189323
1954696398 57189323
1954738558 296658058
1954971756 20226098
19550016 296658058
19550016 296658058
19550042 296658058
19553535 296658058
1955946574 52272721
1956558266 616618652
1957735663 334095530
1958444247 57189323
1958474861 96943120
1958474861 96943120
1958623260 52272721
1958755038 296658058
1959667345 334095530
1959668190 20226098
1959668190 321118040
1960403857 541001620
1960612299 334095530
1961078784 135858701
1962191041 296658058
1962385459 57189323
1962385459 57189323
1962385461 110687265
1963025395 20226098
1963025395 541001620
1963443271 109213963
1963720284 374278278
1963720468 374278278
1965140277 296658058
1965909942 90348498
1967121306 540114760
1967121314 334095530
1968327487 374278278
1968779703 374278278
1969744126 334095530
1970480716 135858701
1970869120 52272721
1970869122 321118040
1970869122 52272721
1971838071 135858701
1972018590 57189323
1972632681 325890444
1973593792 358269079
1973593792 358269079
1973593792 358269079
1974443814 109213963
1974443814 1528570202
1974443814 1816422065
1974443814 1816422065
1974443814 1816422065
1974443814 20226098
1974443814 321118040
1974443814 374278278
1974443815 1528570202
1974443815 1528570202
1974443815 1528570202
1974443815 1528570202
1974444807 135858701
1974606008 296658058
1974966391 109213963
1975270702 100091090
1975270702 321118040
1976734322 296658058
1978685751 296658058
1978996242 52272721
1979192239 358269079
1979267340 135858701
1979267340 135858701
1979267340 135858701
1979267340 135858701
1979541942 296658058
1980023227 109213963
1980023227 1528570202
1980392121 135858701
1980999758 296658058
1981612337 124923973
1981835144 135858701
1982681378 334095530
1982989197 135858701
1983534389 90348498
1983688958 96943120
1983688958 96943120
1983706291 1401759075
1984475097 554972931
1985033435 296658058
1985106136 109213963
1985107135 109213963
1986809294 545181844
1986809294 545181844
1986809294 545181844
1987019489 540114760
1987796847 374278278
1987998795 549349097
1988041647 334095530
1989142849 540114760
1989389607 20226098
1989389607 57189323
1990191997 52272721
1990475077 1497085517
1990760479 280754621
1991671300 20226098
1993355325 296658058
1993355325 296658058
1993357678 296658058
1995162607 474989529
1995458312 109213963
1995770109 358269079
1996258176 296658058
1996258177 296658058
1996258177 296658058
1996258177 296658058
1996258177 296658058
1996258179 296658058
1996258179 296658058
1996258179 296658058
1996258179 296658058
1996298007 109902362
1997293311 616618652
1997293311 616618652
199766 109213963
199766 296658058
1999552137 358269079
2000425581 334095530
2000425581 334095530
2000431783 109213963
2004630510 283864891
2004630510 283864891
2004630510 283864891
2004630510 283864891
2004763692 541001620
2004988703 358269079
2005795462 20226098
2006426304 110687265
2006426304 1528570202
2006426304 334095530
2006426334 355654248
2006426334 75306666
2006426337 296658058
2006426337 334095530
2006426337 57189323
2006426342 283864891
2006426342 321118040
2006426342 321118040
2006426342 334095530
2006426342 334095530
2006426342 334095530
2006426342 334095530
2006426352 110687265
2006426353 1401759075
2006426353 334095530
2006426353 334095530
2006426353 334095530
2006426353 474989529
2006426360 296658058
2006430117 296658058
2006430117 296658058
2006430117 334095530
2006430135 124923973
2008269248 52272721
2008928947 616618652
2008937685 334095530
2008955243 358269079
2010214047 549349097
2010214047 549349097
2010215019 540114760
2010215163 296658058
2010215163 296658058
2010215163 296658058
2010215163 296658058
2010501157 1647240833
2010501158 296658058
2011634767 61382708
2011634767 61382708
2011634767 61382708
2013166805 135858701
2013726587 135858701
2014289961 296658058
2014289965 20226098
2014290912 20226098
2014291042 135858701
2014291042 321118040
2014338474 358269079
2019831753 334095530
2019831753 334095530
2019831753 334095530
20200923 4030706955
2021343740 282370910
2021343740 282370910
2021343740 282370910
2021343740 282370910
2022069283 334095530
2022069283 334095530
2022069283 334095530
2022069283 334095530
202368 135858701
202373 1497085517
202373 540114760
202373 540114760
202377 75306666
2023994375 1528570202
2023996354 41625506
2023996357 616618652
2024869845 334095530
2024869845 334095530
2024869845 334095530
2026259394 541001620
2027097492 296658058
2029187848 296658058
2029903045 334095530
2029903045 395732119
2029903045 395732119
2029903045 541001620
2032592503 135858701
2037524882 358269079
2038607416 616618652
2039156375 296658058
2040327122 90348498
2042008908 296658058
2042008908 296658058
2042008908 296658058
2042008908 57189323
2042008909 296658058
2042008909 296658058
2042008910 57189323
2046035293 474989529
2046035293 616618652
2046209603 135858701
2046273954 358269079
2046562202 334095530
2046562631 334095530
2046562631 334095530
2046562631 334095530
2046562631 334095530
2046562631 334095530
2046562632 334095530
2046829307 1528570202
2049728212 545181844
2049728212 545181844
2049728212 545181844
2049728212 545181844
2049788298 616618652
2050354383 296658058
2050354383 296658058
2050360829 296658058
2050360829 296658058
20506135 545181844
2051005833 1299733662
2051762968 282370910
2052042618 549349097
2052042618 549349097
2052042618 549349097
2052042618 549349097
2052454512 334095530
2052454512 334095530
2053111742 358269079
205461 61382708
205461 61382708
205461 61382708
205465 109902362
20553841 483270183
2057570375 135858701
2057570375 135858701
2059714601 1528570202
2061039360 296658058
2061039360 296658058
2061656847 616618652
2062623445 1816422065
2062623445 1816422065
2062623445 1816422065
2062623445 1816422065
2063437898 20226098
2063437899 20226098
2066671170 61382708
2067168840 109213963
2067168881 616618652
2067168896 474989529
207005 20226098
207005 20226098
207012 83715386
2070304544 549349097
2070304544 549349097
2070304544 549349097
2070304544 549349097
20707436 20226098
20707460 75306666
20707713 296658058
207254 109902362
2072627774 358269079
2074386641 57189323
2074386641 57189323
2074386641 57189323
2074386641 57189323
207497 1299733662
2075530809 83715386
2075530809 83715386
2075530809 83715386
2078102992 545181844
2078102992 545181844
2078102992 545181844
2078102992 545181844
2078671291 296658058
2081795116 296658058
2082115936 296658058
2082115936 296658058
2082115936 296658058
2082115936 296658058
2082540721 135858701
2082917421 96943120
2082917421 96943120
2083885419 545181844
2083885419 545181844
2083885419 545181844
2083885419 545181844
2083989499 616618652
2083990404 1838055399
2086327879 296658058
2086327879 296658058
2086327879 296658058
2086327879 296658058
2088080250 616618652
2088080250 616618652
2088080250 616618652
2088080250 616618652
2088080250 616618652
208925 1969429200
208941 20226098
208941 20226098
208951 11997809
208961 20226098
208961 540114760
208961 540114760
208961 540114760
208962 20226098
209046 109213963
2090470651 358269079
2090470651 358269079
2090470651 358269079
2090470651 358269079
2090569243 1816422065
2090569243 1816422065
2090569243 1816422065
2090569243 1816422065
2090646781 109213963
209129 1528570202
209155 1969429200
209155 296658058
209155 296658058
209212 20226098
209212 20226098
209216 20226098
2092217642 1528570202
209228 1816422065
209243 20226098
209243 296658058
209268 20226098
209281 20226098
209311 52272721
209319 296658058
209319 296658058
209319 296658058
209319 296658058
209319 296658058
209370 540114760
209397 1528570202
209397 1528570202
209397 1528570202
209397 274802291
209397 283864891
209397 540114760
2094058762 1401759075
209407 296658058
209409 11997809
209409 57189323
209411 20226098
209429 1528570202
209429 1528570202
209429 1528570202
209431 540114760
209478 296658058
209496 52272721
209512 1803720314
2098094827 30701629
2098094827 30701629
2098094827 30701629
2098094827 30701629
20982745 20226098
209839 100091090
2099097789 296658058
2099338221 109213963
2099338221 109213963
209936 1528570202
210042 296658058
2100923968 296658058
210281 100091090
210281 540114760
210281 540114760
2103808653 135858701
2103880332 135858701
2103881812 372035481
2104050694 1796305972
2104050694 1796305972
2104050694 1796305972
2104050694 1796305972
2105391124 296658058
2105391124 296658058
2105391124 296658058
2106374687 1528570202
210674 296658058
210680 296658058
210680 296658058
210680 296658058
210680 296658058
210884 109213963
2112752878 57189323
2114127834 296658058
2114419823 57189323
211654 61382708
2117024 52272721
2117027 4030706955
2117079816 372035481
21171735 374278278
21171751 374278278
21171865 374278278
21171965 374278278
2117545631 135858701
21178391 4030706955
2118463487 57189323
2119871594 280754621
2121092924 20226098
212233 355654248
212253 100091090
21233912 109213963
21233912 296658058
212430 296658058
212430 325890444
212430 325890444
212430 325890444
212430 325890444
212430 325890444
212430 325890444
212430 325890444
212430 325890444
2124381474 109213963
21253808 135858701
21253813 135858701
21253869 75306666
21255914 545181844
212876 296658058
2131623745 616618652
213343 100091090
2137016894 296658058
214004 296658058
2140340394 541001620
2140340394 541001620
2140340394 541001620
2140340394 541001620
2141106147 616618652
2141414883 616618652
2141910185 57189323
2141910185 57189323
2141910185 57189323
2141910185 57189323
2141911109 541001620
2141911109 541001620
2141911109 541001620
2141911109 541001620
2143544549 96943120
2143544549 96943120
214370 109213963
214370 109213963
214370 109213963
214370 109213963
2144567606 1528570202
2144567606 1528570202
2144567606 1528570202
2144567606 1528570202
2144567606 1528570202
2144567606 474989529
2144687880 52272721
2147379831 325890444
2148432665 1816422065
2149193950 283864891
2149583055 296658058
2153720087 296658058
2154108332 283864891
2154388027 109213963
2154850334 282370910
2154850334 282370910
2154850334 282370910
2154851100 282370910
2155498308 549349097
2156516185 358269079
2166139160 545181844
2166139160 545181844
2166139160 545181844
2166139160 545181844
21680447 296658058
21695403 1528570202
21698625 20226098
21699114 75306666
21730471 549349097
21730471 549349097
21730471 549349097
21730471 549349097
21890560 61382708
21920883 296658058
21951939 1803720314
21965593 75306666
21969902 545181844
21973899 545181844
2199935 296658058
22088505 109213963
22088511 20226098
22196001 334095530
22196001 334095530
22196001 334095530
22197007 283864891
22197007 616618652
22197008 283864891
22198025 20226098
22198025 283864891
22201007 296658058
22201007 296658058
22201007 296658058
22201007 296658058
22201007 296658058
22201008 296658058
22201008 296658058
22201008 296658058
22201013 296658058
22201013 296658058
22201015 296658058
22201016 109213963
22201016 296658058
22201021 296658058
22201021 296658058
22208915 135858701
223639 109213963
223644 1969429200
223689 109902362
223689 109902362
223689 296658058
223689 296658058
223773 296658058
223776 109902362
223810 296658058
223822 1969429200
223839 296658058
223906 4015773754
223929 1969429200
223972 109902362
224000 296658058
224000 296658058
224000 296658058
224000 296658058
224000 296658058
224259 296658058
22463223 296658058
22483837 296658058
22644323 283864891
22650573 52272721
22651569 283864891
22656364 52272721
22663317 283864891
22663877 283864891
22663877 283864891
22663877 283864891
22663885 1528570202
22685914 545181844
22685914 545181844
22685914 545181844
22688472 20226098
22703052 52272721
22704309 372426144
22704309 372426144
22712630 1528570202
22712632 1528570202
22712632 1528570202
22712632 1528570202
22712632 1528570202
22712632 1528570202
22712635 1528570202
22712635 1528570202
22712635 1528570202
22712635 1528570202
22712636 1803720314
22712636 1803720314
22712636 1803720314
22712637 1528570202
22712637 1528570202
22712637 1528570202
22712637 1528570202
22733274 540114760
22740077 296658058
22740082 296658058
22740150 75306666
22754969 109213963
22761015 296658058
22781103 274802291
22786083 283864891
22809496 52272721
22812034 4030706955
22814479 283864891
22819662 358269079
22822507 20226098
22822507 20226098
22822543 20226098
22822610 20226098
22831970 83715386
22831976 83715386
22831984 83715386
22841315 83715386
22846258 545181844
22846258 545181844
22846258 545181844
228755 109213963
229010 296658058
229285 100091090
229285 109213963
229285 296658058
229336 109902362
229674 325890444
230095 20226098
230095 20226098
230095 296658058
230109 20226098
230109 4015773754
230140 296658058
230140 296658058
230140 296658058
230140 296658058
230140 296658058
230140 296658058
230140 296658058
230140 296658058
230257 296658058
230267 4036417663
230269 4036417663
230402 296658058
230407 296658058
230407 296658058
230466 100091090
230466 296658058
230466 296658058
230466 296658058
230466 296658058
230522 296658058
230522 296658058
230522 296658058
230522 296658058
230565 296658058
230565 296658058
230565 296658058
230565 296658058
230566 296658058
230566 296658058
230566 296658058
230566 296658058
230567 296658058
230567 296658058
230567 296658058
230568 296658058
230574 296658058
230589 296658058
230589 296658058
230589 296658058
2309623 540114760
2311884 20226098
231412 100091090
231412 100091090
233882 109902362
236387 296658058
238198 109213963
238272 296658058
238555 358269079
238602 540114760
238762 296658058
238847 20226098
238855 20226098
238858 296658058
238858 296658058
238858 296658058
238859 20226098
239340 11997809
239364 1528570202
239370 1528570202
239682 3248162956
2411634 1969429200
241212 296658058
247416 20226098
247421 20226098
247421 20226098
247421 20226098
247423 20226098
247430 280754621
247498 52272721
247581 296658058
247634 52272721
247644 296658058
247644 296658058
247644 296658058
247644 296658058
247821 100091090
247835 1299733662
247873 109902362
25011453 1969429200
252010 20226098
252171 109213963
2533578 274802291
253969 545181844
254059 20226098
254129 20226098
254135 1969429200
254135 52272721
254146 1528570202
254204 1528570202
254265 100091090
254265 109213963
254265 1803720314
254309 296658058
254319 57189323
254347 1969429200
254424 296658058
254457 296658058
254485 1664426420
254485 296658058
254485 296658058
254485 296658058
254548 1969429200
254564 124923973
254574 61382708
254823 296658058
255294 100091090
255388 20226098
255454 1969429200
255492 296658058
255492 296658058
255497 296658058
255550 358269079
255604 3810738776
255667 100091090
255667 1299733662
255667 296658058
255808 1969429200
255809 283864891
255858 52272721
255858 57189323
255858 57189323
255858 57189323
255858 57189323
255858 57189323
256341 296658058
25638810 20226098
25638827 52272721
25640011 296658058
25641345 1969429200
25641876 109213963
25642012 296658058
25642012 296658058
25642125 296658058
25642125 296658058
25642139 296658058
25642651 296658058
25642707 57189323
25642952 1528570202
25643299 296658058
25643359 1969429200
25645594 296658058
25648005 355654248
256506 296658058
256540 1969429200
25657277 325890444
25657378 545181844
25657380 529053069
25657581 69961016
256638 296658058
256833 296658058
256833 296658058
256833 296658058
25694567 83715386
25694567 83715386
25694567 83715386
25694567 83715386
256946 355654248
256946 355654248
256946 358269079
25698047 296658058
25699035 296658058
25699082 296658058
25699082 296658058
25702222 296658058
25703049 368885808
25703050 20226098
25706276 321118040
25706277 109213963
25706277 334095530
25706277 529053069
25706277 529053069
25706277 616618652
25706279 296658058
25706279 4036417663
25706279 540114760
25706279 71460767
25706281 100091090
25706281 1528570202
25706281 372426144
25706282 1803720314
25706282 296658058
25706282 296658058
25706282 296658058
25706282 296658058
25706282 296658058
25706282 540114760
25706283 529053069
25706285 109902362
25706285 135858701
25706285 135858701
25706285 1401759075
25706285 296658058
25706285 321118040
25706285 483270183
25707134 83715386
25707134 83715386
25707134 83715386
25707134 83715386
25707139 109213963
25707139 1528570202
25707139 1969429200
25707139 334095530
25707147 444666870
25707147 529053069
25707147 529053069
257098 109213963
257098 296658058
25713123 355654248
25714102 1497085517
25714332 109902362
25718007 109213963
25718007 1497085517
25721230 83715386
25729988 296658058
25730757 296658058
25731320 20226098
25731320 296658058
25780159 52272721
25780159 52272721
25780159 52272721
25780159 52272721
25794009 100091090
25821518 20226098
258284 109213963
25843035 368885808
25843038 368885808
25843040 20226098
25843040 20226098
25860235 109902362
25884677 1969429200
25884677 1969429200
2589590 61382708
25913541 1528570202
25913541 20226098
25950595 20226098
25950610 20226098
25962464 109213963
25968581 20226098
25984157 296658058
25993271 282370910
2601067988 282370910
2601067988 282370910
2601067988 282370910
26018919 1969429200
2607314569 1528570202
26075426 283864891
26082345 11997809
26090100 1323257970
26090155 529053069
2609424275 282370910
2609424275 545181844
2609512130 1838055399
261045 109213963
2610986986 545181844
2611570105 545181844
2611570105 545181844
2611570105 545181844
2611570105 545181844
26116045 296658058
26116045 296658058
26116045 296658058
26116048 83715386
26116048 83715386
26116048 83715386
26117675 100091090
26117675 100091090
26128836 540114760
26128836 540114760
26128836 540114760
26129184 296658058
26145726 20226098
26145728 100091090
26165825 368885808
2616686368 296658058
26177038 545181844
2619040186 1528570202
2619125556 135858701
2619125556 372035481
26194134 20226098
26197790 52272721
26197792 52272721
26207292 296658058
26207292 296658058
26207292 296658058
26207292 296658058
26207292 296658058
2620745563 283864891
2620912905 1796305972
26210113 135858701
2621590765 74572013
26217171 109213963
2623451899 109213963
26235094 296658058
26235094 296658058
2624513229 325890444
26256265 358269079
26256265 358269079
26256265 358269079
26256266 1969429200
26256266 296658058
26256267 100091090
26256267 100091090
26256267 296658058
26256267 296658058
26256267 296658058
26256267 296658058
26256267 296658058
26256267 296658058
26256267 296658058
26256267 296658058
26256272 296658058
26256272 540114760
2627436391 15723173
2630193435 358269079
2630193435 358269079
2630193435 358269079
2630261233 616618652
2630261233 616618652
2630261233 616618652
2630261233 616618652
26305541 274802291
2631239405 1838055399
2631239405 1838055399
2631239405 1838055399
26314128 325890444
26314128 325890444
26314128 325890444
26314128 325890444
26314128 325890444
26314128 325890444
26314128 325890444
26314128 325890444
26324172 282370910
2632531233 135858701
26332199 20226098
26334360 1969429200
26334362 1969429200
26334362 1969429200
26334364 1969429200
26343110 283864891
26343168 1803720314
26344442 296658058
26348055 296658058
26348067 20226098
26348068 20226098
2634868636 296658058
2634868636 296658058
2634871242 296658058
2634871242 296658058
2635125903 109213963
2635192631 109213963
2635276266 52272721
2635844997 296658058
2635845660 296658058
2635845660 296658058
2635845663 296658058
2635845663 296658058
2635845663 296658058
2635845663 296658058
2636663981 541001620
2636663981 545181844
2638945051 296658058
2638948288 296658058
2638948288 296658058
2638948288 296658058
2638948288 296658058
2638948288 296658058
2638948288 296658058
2640301964 358269079
2640301964 358269079
2640301964 358269079
2641171147 1528570202
2641171147 1528570202
26418528 20226098
26420170 135858701
26420170 135858701
26420170 135858701
26420170 135858701
26425118 75306666
26425119 52272721
26427653 109213963
26427658 283864891
26427662 100091090
26427662 100091090
26427664 100091090
26427666 109213963
26427666 321118040
26427666 483270183
26429183 20226098
26450089 20226098
2645850301 474989529
26459609 1528570202
26467048 100091090
2648334276 296658058
2648334276 296658058
2648334276 296658058
26484066 545181844
26484112 61382708
2648834997 1401759075
26489051 1803720314
2648968799 282370910
26494698 109213963
26494698 1497085517
26494698 20226098
26494698 616618652
26494700 20226098
26494703 90348498
26494740 282370910
26496640 71460767
2652608044 545181844
2652647275 1796305972
2653052901 358269079
2653052901 358269079
26545122 296658058
26545122 296658058
26547047 61382708
26550502 109213963
26552570 374278278
2655851137 358269079
26562740 109213963
26562881 296658058
26562881 296658058
26562881 296658058
26562881 296658058
26562881 296658058
26562881 296658058
2657738274 109213963
2658079692 282370910
2658079692 282370910
2658079692 282370910
2658079692 282370910
26584329 100091090
26584453 100091090
26584453 109902362
26584875 296658058
2659002828 554972931
26590184 1497085517
26590184 1497085517
26590184 1497085517
26590184 1497085517
26598946 74572013
26599315 135858701
26599577 1803720314
2659968376 545181844
26600002 135858701
26601005 109213963
26601005 109213963
26601382 296658058
26601382 296658058
26607463 545181844
26608738 4030706955
26609110 109213963
26620455 540114760
26620756 296658058
26632170 296658058
26632172 296658058
2664007546 296658058
2664045321 52272721
2666095018 296658058
26662793 374278278
2668049631 296658058
2668049631 296658058
2668049631 296658058
2668049631 296658058
2668049631 296658058
2668124242 1497085517
2668124242 296658058
2668124242 296658058
2668124242 296658058
2668124242 296658058
2668124242 296658058
2668124242 296658058
2668124242 296658058
2668124242 296658058
2668124242 296658058
2668124242 296658058
2668124242 296658058
2668124242 296658058
2669969601 282370910
2669969601 282370910
2669969601 282370910
2669969601 282370910
2669969601 282370910
2674426500 358269079
2674426500 358269079
2679784132 296658058
26797847 1969429200
2681323108 109213963
2682075094 109213963
26830207 1323257970
26830207 1969429200
26837670 109213963
26840565 20226098
2685527776 1796305972
2689907614 282370910
2690549932 395732119
2692290001 296658058
2692290001 296658058
26929833 282370910
26929833 282370910
26929833 282370910
26929833 282370910
2694773525 109213963
26958904 83715386
2697656415 616618652
26989590 4030706955
2699649656 616618652
2700274699 296658058
2700274699 296658058
2707400632 296658058
27091458 20226098
2711496133 296658058
2711496133 296658058
27141634 20226098
27141634 20226098
27141634 20226098
27159995 296658058
2716910079 296658058
2717588324 52272721
2717588324 52272721
2717588324 52272721
2717588324 52272721
27198691 321118040
27203936 296658058
27203936 296658058
27203936 296658058
27203936 296658058
27203936 296658058
27203936 296658058
27203936 296658058
27203936 296658058
27203936 296658058
2727809375 1816422065
2727809375 1816422065
2727809375 1816422065
2727809375 1816422065
2727809377 296658058
2727809378 358269079
2727809378 358269079
2728510396 1838055399
2728510396 1838055399
2728510396 1838055399
2732965786 282370910
2732965786 282370910
2732965789 282370910
2732965789 282370910
2732978945 296658058
27342285 20226098
2736556784 296658058
2737945914 109213963
2737945914 109213963
2737945914 109213963
2737945914 1497085517
2737945914 1497085517
2737945914 1497085517
2738613484 1838055399
2738613484 1838055399
2738613484 1838055399
273908 57189323
273908 57189323
27398098 4030706955
2744788128 282370910
2745752426 57189323
27483067 296658058
27494071 358269079
2749425343 616618652
2749425343 616618652
2749425343 616618652
2749425343 616618652
27501008 109213963
27501008 282370910
27501008 386382180
27506284 355654248
27510434 574000875
27511298 296658058
27515194 52272721
27538132 296658058
27538132 296658058
27538132 296658058
27538132 296658058
27538132 296658058
27538132 296658058
27552548 4030706955
2755333109 358269079
2755333109 358269079
2755333109 358269079
27562607 483270183
27562608 374278278
27562892 109213963
27566767 1803720314
2756889534 616618652
27570905 100091090
2757570159 616618652
27580595 1969429200
27583401 540114760
27583453 20226098
27583455 374278278
27588693 296658058
27591608 296658058
27591610 52272721
27591648 20226098
276129 283864891
27618324 52272721
276214 75306666
276225 109213963
276225 1343967564
276256 109213963
276269 109213963
27630154 296658058
276316 109213963
27646196 20226098
27646196 483270183
27646205 1969429200
27646205 1969429200
27646205 1969429200
27646205 321118040
27646409 109213963
27646687 100091090
276731 83715386
27678655 296658058
27678693 100091090
27678693 1299733662
27678693 135858701
276904 1497085517
276936 1497085517
276936 296658058
276936 372035481
276939 296658058
276939 296658058
27698125 135858701
276995 109213963
276999 296658058
277139 52272721
27719323 109213963
277302 296658058
27731391 75306666
27735158 296658058
277382 1528570202
277382 296658058
27747332 296658058
27750534 1969429200
277586 1969429200
277604 1969429200
277604 358269079
277604 358269079
277604 358269079
277604 358269079
277686 124923973
277686 124923973
277686 283864891
277748 296658058
277757 358269079
277759 109213963
277759 1299733662
277759 296658058
277759 321118040
277768 296658058
277783 358269079
277789 52272721
277807 282370910
27785609 334095530
27785609 334095530
27785619 334095530
27785619 334095530
27867498 109213963
27867807 280754621
27874888 20226098
2788529 545181844
27901832 100091090
27901832 368885808
27901933 109213963
27904026 20226098
27906425 109213963
27906680 280754621
27907768 109213963
27928217 20226098
27928230 296658058
27928273 296658058
27937787 483270183
27937791 71460767
27945088 321118040
27946214 83715386
27946214 83715386
27946214 83715386
27946214 83715386
27946612 1803720314
27946613 1803720314
27955001 109213963
27955658 280754621
28009051 100091090
28009051 100091090
28009051 1323257970
28009051 20226098
28009051 368885808
280098 296658058
280118 296658058
280118 296658058
280127 296658058
280154 109213963
280156 296658058
280156 296658058
280156 296658058
280156 321118040
280164 296658058
280164 296658058
280164 296658058
280164 296658058
28029093 135858701
28029104 135858701
28029828 109213963
28031119 296658058
28048168 1664426420
28048168 1664426420
28053517 545181844
28053518 20226098
28053520 20226098
28068303 372426144
28068315 358269079
28068446 296658058
28068737 1664426420
28068737 296658058
28068737 57189323
28068785 325890444
28068785 325890444
28068785 325890444
28068785 325890444
28068785 325890444
28068785 325890444
28068785 325890444
28068785 325890444
28111225 1969429200
28152163 52272721
28160039 52272721
28160045 325890444
28160871 100091090
28160871 100091090
28160871 1969429200
28167328 109902362
28168578 296658058
28181110 296658058
28181112 541001620
28188452 109213963
28191641 334095530
28191641 334095530
28191641 334095530
28191643 110687265
28191643 296658058
28196001 109902362
28196001 20226098
28219176 109902362
28226055 296658058
28228208 296658058
28228294 20226098
28232019 109213963
28232019 296658058
28245314 52272721
28254343 296658058
28256115 3248162956
28258937 41625506
28267674 4030706955
28274210 52272721
28282817 20226098
28283346 540114760
28285194 296658058
28285334 20226098
28285786 109213963
28285910 355654248
28291050 540114760
28306853 100091090
28308845 75306666
283094 20226098
28310083 296658058
28310544 1816422065
28310544 1816422065
28310544 1816422065
28310544 1816422065
28341037 1497085517
28341146 321118040
28341146 321118040
28378263 109213963
28381285 20226098
283846 296658058
28387594 1528570202
28396861 296658058
28403111 109213963
28403111 1969429200
28403111 1969429200
28403111 355654248
28411855 296658058
284245 296658058
28427564 1969429200
28427721 1969429200
28427724 296658058
28427760 616618652
28442444 296658058
28445715 1664426420
28445715 1664426420
28445715 1664426420
28445715 1664426420
28454488 1528570202
28465125 1838055399
28467069 283864891
28469048 41625506
284787 100091090
28481103 52272721
28481104 109213963
28497871 52272721
285005 109902362
285021 52272721
28524016 1816422065
28533584 483270183
28535294 20226098
28563317 109902362
28576143 296658058
28576143 296658058
28577800 1838055399
28577801 20226098
28577801 20226098
28577823 1838055399
28577823 20226098
28577825 20226098
28577825 20226098
28587847 41625506
28587850 109213963
28587865 4030706955
28587869 280754621
28587869 374278278
28587869 374278278
28587869 374278278
28587882 1838055399
28587882 1838055399
28587882 1838055399
28606468 20226098
28612195 545181844
28625030 283864891
28639182 109213963
28656269 374278278
28692519 52272721
28692862 109902362
28695577 1341334825
286959 109213963
286959 1299733662
286959 1497085517
286959 296658058
286966 1969429200
286970 296658058
286980 1323257970
286980 1969429200
286988 100091090
28700552 109213963
287006 109213963
287018 296658058
287021 483270183
287025 1969429200
287035 296658058
287035 296658058
287035 540114760
287039 540114760
287057 540114760
287063 1803720314
287063 280754621
287063 296658058
287063 296658058
287063 296658058
287063 296658058
287063 296658058
287063 296658058
287063 296658058
287063 355654248
287063 540114760
287063 71460767
287083 124923973
287083 296658058
287083 540114760
287149 1803720314
287177 124923973
287239 296658058
287239 296658058
287239 296658058
287241 52272721
287248 296658058
287248 296658058
287248 296658058
287248 296658058
287248 296658058
287248 296658058
287251 616618652
287257 296658058
287257 296658058
287257 296658058
287257 296658058
287271 296658058
287271 296658058
287271 296658058
287271 296658058
287271 296658058
287271 296658058
287271 296658058
287271 296658058
287271 296658058
28727601 20226098
287277 296658058
287277 296658058
287277 296658058
287277 296658058
287277 296658058
287277 296658058
287277 296658058
287277 296658058
287277 296658058
287277 296658058
287277 296658058
287277 296658058
287277 296658058
287277 296658058
287277 296658058
287277 296658058
287277 296658058
287277 540114760
287280 100091090
287280 293989186
287361 296658058
28737747 135858701
28737747 20226098
28739036 1528570202
287398 1497085517
287398 1497085517
287398 1497085517
287398 540114760
287398 540114760
287399 52272721
287405 296658058
287405 296658058
287405 296658058
287409 296658058
287409 296658058
28747425 135858701
28747428 3810738776
28748456 334095530
287517 296658058
287520 1969429200
287524 296658058
287524 296658058
287524 296658058
287542 296658058
287546 296658058
287565 296658058
287611 296658058
287614 296658058
287617 1803720314
287617 1803720314
287617 1969429200
287617 20226098
287617 325890444
28762207 3248162956
28762528 109213963
287627 296658058
287627 296658058
287627 296658058
287633 296658058
287633 296658058
287633 296658058
28768107 1497085517
28768107 539474416
287716 282370910
287716 296658058
287719 109213963
287719 296658058
287719 296658058
287719 296658058
287719 296658058
287719 69961016
28773025 325890444
287749 20226098
287749 540114760
287757 540114760
28785005 374278278
28785357 109213963
28785358 109213963
287933 296658058
28798506 109213963
288086 1299733662
28815256 545181844
28819356 386382180
28819357 386382180
28819358 372426144
28819358 372426144
28819359 296508803
28819361 386382180
288218 1803720314
288218 296658058
28831001 109213963
288357 61382708
288357 61382708
288357 61382708
28836163 100091090
28837292 1803720314
28854227 109213963
28860055 109213963
28860055 109213963
28860055 52272721
28860668 1343967564
28863012 100091090
28863012 296658058
28863012 4030706955
28864473 296658058
28870198 280754621
28875147 83715386
28875183 83715386
28875230 100091090
288820 109213963
288838 109213963
288838 296658058
28884189 296658058
28892111 1969429200
28892231 1528570202
28892231 296658058
28892385 483270183
28913379 374278278
289145 61382708
289145 61382708
289145 61382708
289155 282370910
289167 61382708
289167 61382708
289167 61382708
289232 296658058
289232 296658058
28923457 355654248
28923458 549349097
28935305 20226098
28935307 20226098
28935308 20226098
28935312 483270183
28936066 1497085517
28936066 1497085517
28936066 342404009
28946659 1528570202
28949127 100091090
28949127 109213963
28953001 52272721
28977819 109213963
28977819 355654248
28987652 109902362
28987655 109902362
28996919 20226098
28996919 20226098
28996919 296658058
28996919 57189323
28996921 52272721
28996924 296658058
28996924 296658058
28996924 296658058
29017184 334095530
29023562 100091090
29027341 374278278
29041788 321118040
290455 109213963
290589 109213963
290589 109213963
290589 296658058
290589 296658058
29122797 280754621
291396 280754621
29222265 280754621
292248 283864891
292566 20226098
292590 20226098
292590 20226098
292590 20226098
292594 20226098
292594 20226098
29295508 296658058
29343276 1528570202
29357087 372426144
29357087 372426144
293700 4030706955
293700 4030706955
293707 4030706955
293769 296658058
293769 296658058
29378547 296658058
29378547 296658058
29378547 296658058
29378547 296658058
29378547 57189323
29379494 1969429200
293885 296658058
293927 4030706955
293927 4030706955
293931 296658058
293948 20226098
293948 296658058
29414460 100091090
29414839 280754621
29418062 296658058
29418974 109213963
29429851 100091090
29450567 540114760
29450575 540114760
29450580 100091090
29450925 296658058
29460006 483270183
29460781 52272721
29461534 282370910
29461534 282370910
29461534 282370910
29461534 282370910
29470947 296658058
29473749 368885808
29491052 75306666
29535043 296658058
29535435 109213963
29535531 109213963
29556017 1528570202
29561031 355654248
29561169 75306666
29567189 1323257970
29567189 334095530
29567189 368885808
29567189 483270183
29567192 109902362
29567192 109902362
29567193 109902362
29567193 1323257970
29567381 296658058
29572506 109213963
29572738 296658058
29572738 296658058
29592187 483270183
29593117 109213963
29593159 283864891
29593497 1299733662
29713754 296658058
29715252 20226098
29715252 20226098
29715252 20226098
29715252 20226098
29715252 20226098
29715559 100091090
29715559 100091090
29715559 444666870
29715559 529053069
29722263 296658058
29723035 1323257970
29729148 296658058
29729148 296658058
29729148 296658058
29729148 296658058
29729148 296658058
29729148 296658058
29729148 296658058
29732992 100091090
29734857 374278278
29734857 545181844
29743607 372426144
29744089 4016712418
29747526 109213963
29747526 1528570202
29747626 292636281
297587 296658058
297593 20226098
297612 20226098
297612 20226098
297612 296658058
297629 282370910
297629 282370910
297629 282370910
29764382 358269079
29769321 616618652
29771089 100091090
29771089 20226098
297715 1528570202
297748 11997809
29775865 61382708
297778 1664426420
297794 20226098
297883 52272721
297894 100091090
297894 100091090
297896 52272721
29794568 283864891
297951 100091090
297951 57189323
297953 100091090
297955 52272721
29807581 1969429200
298101 296658058
29814898 355654248
29819377 20226098
29819850 1299733662
298213 109213963
298213 296658058
298213 52272721
298213 52272721
29822040 100091090
29822085 1528570202
29829703 135858701
298490 20226098
298838 1323257970
298838 296658058
298838 296658058
298838 296658058
298838 296658058
298867 109213963
29897928 334095530
299036 358269079
299116 1528570202
299116 296658058
299116 296658058
299116 296658058
299141 296658058
299249 296658058
299252 1969429200
299252 296658058
299255 296658058
299255 296658058
299255 296658058
299258 296658058
299258 296658058
299261 296658058
299261 296658058
299261 296658058
299264 296658058
299264 296658058
299264 296658058
299264 296658058
299264 296658058
299264 296658058
299264 296658058
299273 296658058
299281 296658058
299322 296658058
299397 296658058
299397 296658058
299397 4030706955
299402 296658058
299407 1969429200
299407 20226098
299407 296658058
299407 296658058
299432 296658058
299439 296658058
299439 296658058
299445 296658058
299445 483270183
299508 296658058
299508 296658058
299509 296658058
299509 296658058
299509 296658058
299509 296658058
299509 296658058
299509 296658058
299509 296658058
299509 52272721
299510 296658058
299511 296658058
299513 296658058
299514 296658058
299514 296658058
299514 296658058
299514 296658058
299514 296658058
299515 296658058
299516 296658058
299516 296658058
299519 296658058
299519 296658058
299519 296658058
299519 296658058
299536 374278278
29953636 83715386
299588 296658058
299588 296658058
299589 296658058
299594 296658058
299594 296658058
299594 296658058
299596 296658058
299596 296658058
299596 296658058
299596 296658058
299599 296658058
299599 296658058
299600 296658058
299601 296658058
299604 296658058
299623 100091090
299623 296658058
299629 296658058
299629 296658058
299629 296658058
299629 296658058
299642 109213963
299642 20226098
299642 296658058
299642 296658058
299642 296658058
299644 296658058
299650 1528570202
299650 296658058
299650 296658058
299650 296658058
299650 296658058
299650 296658058
299650 296658058
299652 296658058
299652 296658058
299652 296658058
299652 296658058
299652 296658058
299652 296658058
299652 296658058
299652 296658058
299656 296658058
299656 296658058
299658 296658058
299658 296658058
299658 296658058
299658 296658058
299658 296658058
299658 296658058
299658 296658058
299658 296658058
299660 4030706955
299662 296658058
299714 1528570202
299714 1528570202
299714 1528570202
299714 1528570202
299714 1528570202
299714 1528570202
299714 296658058
299714 296658058
299714 296658058
299901 296658058
299901 296658058
299904 296658058
299904 296658058
299904 296658058
299904 296658058
299904 296658058
299915 296658058
299915 296658058
299915 296658058
299915 296658058
299920 296658058
299925 296658058
299925 296658058
299932 296658058
299932 296658058
299932 296658058
299932 296658058
299932 296658058
299932 296658058
299932 296658058
299932 296658058
299932 296658058
299932 296658058
299932 296658058
299936 1803720314
299936 296658058
299936 296658058
299936 296658058
299936 483270183
299939 296658058
299939 296658058
299946 296658058
299946 296658058
299946 296658058
29995314 20226098
29995363 540114760
29995551 296658058
299981 1528570202
299981 355654248
299998 20226098
299998 20226098
300052 296658058
300055 296658058
300055 296658058
300055 296658058
300055 296658058
300055 296658058
300055 296658058
300055 545181844
300055 545181844
300055 545181844
300058 1528570202
300060 296658058
300062 109213963
300062 296658058
300062 296658058
300062 296658058
300062 483270183
300064 296658058
300064 296658058
300064 296658058
300066 296658058
300066 296658058
300066 4030706955
300066 71460767
300129 545181844
300136 100091090
300136 282370910
300138 296658058
300138 296658058
300146 296658058
300146 296658058
300148 296658058
300148 296658058
300148 296658058
300148 296658058
300148 296658058
300150 296658058
300150 296658058
300158 100091090
300160 100091090
300160 296658058
300162 296658058
300162 296658058
300163 296658058
300163 296658058
300163 296658058
300163 296658058
300163 296658058
300193 296658058
300193 296658058
300193 296658058
300193 296658058
300193 296658058
300197 296658058
300220 296658058
300222 296658058
300222 296658058
300224 296658058
300232 296658058
300232 296658058
300234 1528570202
300234 296658058
300234 296658058
300262 20226098
300277 296658058
300277 296658058
300277 296658058
300287 296658058
30031801 545181844
300324 57189323
300324 57189323
300324 57189323
300324 57189323
300333 1803720314
300342 374278278
300380 296658058
300380 296658058
300398 296658058
300407 296658058
300419 296658058
300419 296658058
300419 296658058
300425 296658058
30051178 52272721
30051773 296658058
30051773 296658058
300547 296658058
300547 296658058
300547 296658058
300547 296658058
300547 296658058
300547 296658058
300551 296658058
300571 109213963
300585 296658058
300987 296658058
301125 474989529
301125 474989529
301125 474989529
301125 474989529
30148167 296658058
30251429 135858701
3026583 1796305972
3027395 296658058
3027425 52272721
302852 296658058
302852 296658058
3029895 296658058
303781 61382708
303781 61382708
303781 61382708
303813 61382708
303813 61382708
303813 61382708
303829 61382708
303829 61382708
303829 61382708
30394202 368885808
30394202 541001620
30394202 541001620
30431364 100091090
30431364 109213963
30431364 1497085517
30431364 321118040
30431364 4036417663
30431364 483270183
30431366 109213963
30431367 4036417663
30431634 100091090
30431634 109213963
30474927 280754621
30482305 20226098
30621954 109902362
30635613 293989186
30635613 321118040
30635613 540114760
30635706 483270183
306626 296658058
306662 321118040
306662 75306666
306665 52272721
306798 20226098
306818 296658058
306845 135858701
306845 135858701
306845 135858701
306845 135858701
306845 135858701
306845 135858701
306845 135858701
306845 135858701
306855 1969429200
306894 296658058
306917 20226098
306917 20226098
306930 296658058
306930 75306666
306991 1969429200
307003 100091090
307003 368885808
307018 20226098
307020 20226098
307020 20226098
30706318 100091090
30706318 283864891
307162 1969429200
307511 296658058
307514 296658058
307525 296658058
307594 296658058
307603 1969429200
307611 296658058
30830982 109213963
308341 296658058
308372 100091090
30841840 334095530
30841846 109902362
30841846 334095530
308494 109213963
308494 109213963
308494 1299733662
308494 321118040
308518 109213963
30854090 368885808
30953009 342404009
31062390 100091090
31066037 374278278
310688 296658058
310688 296658058
310688 296658058
310688 296658058
310688 296658058
31134264 20226098
31140353 1969429200
31140355 1969429200
31152204 1969429200
31234745 20226098
31246553 296658058
31273716 109213963
31273716 109213963
31356408 296658058
31370984 57189323
31514406 374278278
31526508 321118040
31545624 4036417663
31546913 545181844
31563648 280754621
31574225 374278278
315922 296658058
315922 296658058
315922 296658058
315956 296658058
315959 1969429200
315962 1969429200
315980 296658058
316007 20226098
316009 296658058
316028 20226098
316043 100091090
316043 20226098
316043 20226098
316063 109213963
316063 1969429200
316086 1969429200
316086 1969429200
316093 1969429200
316103 100091090
316103 100091090
316106 52272721
316117 109213963
316117 1803720314
3164111 296658058
316654 296658058
316686 109213963
316938 100091090
317151 296658058
31721697 100091090
317251 1528570202
317251 71460767
31738245 540114760
318317 109902362
31877242 109213963
31877400 1323257970
31877470 296658058
31877488 296658058
31877511 342404009
31877523 109902362
31877523 374278278
31890277 474989529
31912118 20226098
31912118 20226098
31917312 1528570202
31967224 374278278
32069687 283864891
32070215 52272721
32102463 296658058
32102463 321118040
32192120 1796305972
32196857 4016712418
32201359 296658058
32208284 296658058
32217107 52272721
32317586 109213963
32337668 1969429200
324376 296658058
324376 296658058
32451518 109213963
32507038 296658058
32574185 57189323
326697 1969429200
326698 100091090
326698 1803720314
326698 1803720314
326698 1803720314
326702 20226098
326702 20226098
326703 100091090
326703 11997809
326703 1803720314
326703 540114760
326704 1803720314
326705 100091090
326705 19511725
326705 334095530
326705 334095530
326705 483270183
326705 52272721
326706 11997809
326708 20226098
326708 52272721
326711 52272721
326712 1803720314
326719 1803720314
326722 1497085517
326722 1803720314
326722 1803720314
326722 20226098
326722 20226098
326733 1803720314
326736 1803720314
326736 1803720314
326736 283864891
326738 1497085517
326738 296658058
326738 296658058
326738 296658058
326738 296658058
326738 296658058
326784 109213963
326880 1803720314
326880 296658058
326887 296658058
326962 296658058
326962 296658058
326962 296658058
326962 296658058
327096 1528570202
327096 52272721
327116 296658058
327116 296658058
327124 296658058
327124 296658058
327124 296658058
327134 296658058
327144 296658058
327148 296658058
327151 540114760
327151 540114760
327151 540114760
327156 296658058
327156 296658058
327186 296658058
327186 296658058
327186 296658058
327186 296658058
327186 296658058
327186 296658058
327186 296658058
327190 296658058
327192 296658058
327192 296658058
327192 296658058
327192 296658058
327200 20226098
327201 296658058
327205 296658058
327205 296658058
327278 296658058
327321 280754621
327321 280754621
327363 20226098
327363 20226098
327387 20226098
327422 1816422065
327441 20226098
327584 296658058
327584 296658058
327584 296658058
327584 296658058
32785700 20226098
32807844 1528570202
32845031 483270183
32845031 483270183
32924264 283864891
32924541 296658058
329273 282370910
329273 282370910
329273 282370910
329273 282370910
329273 282370910
329448 1528570202
329448 1528570202
330506 296658058
330506 296658058
330568 296658058
3312013804 1528570202
3312156920 358269079
3312156920 358269079
3314675330 358269079
33162225 109902362
33162226 74572013
33166564 109213963
33166602 109902362
33211676 109213963
332241 109902362
3327859062 282370910
3327859062 282370910
3327859062 282370910
3327859062 282370910
3328103777 358269079
3328103777 358269079
3328103777 358269079
33316261 296658058
33340129 296658058
33340129 296658058
3334291041 616618652
3334291041 616618652
3334291041 616618652
3334291041 616618652
3335330203 616618652
3336485287 1816422065
333750 100091090
333750 100091090
333750 109213963
333750 109213963
333750 296658058
333750 296658058
333750 296658058
333750 296658058
333750 296658058
333750 296658058
333750 296658058
333750 296658058
333750 57189323
3338909824 280754621
3339473489 109213963
3339473489 109213963
3339473489 109213963
33399024 20226098
33399024 20226098
333992 100091090
333992 109213963
3340505497 296658058
3341875325 541001620
33419478 20226098
33471531 1969429200
33471533 1969429200
3349240047 296658058
33497016 296658058
33525663 296658058
33544181 41625506
3356366349 296658058
3356366349 296658058
3356366349 296658058
3356366349 296658058
3358589572 358269079
3358589572 358269079
3358589572 358269079
33599265 100091090
33599265 540114760
33599291 100091090
33599439 296658058
33638510 20226098
3367287721 1838055399
3367287721 1838055399
3373795477 358269079
3373795477 358269079
3373795477 358269079
3378698307 296658058
33789165 109213963
3384933744 296658058
3386696501 296658058
3386696501 296658058
3386696501 296658058
3387013609 1838055399
3387013609 1838055399
3387013609 1838055399
33875281 52272721
33920425 71460767
33922381 372426144
3392743808 52272721
33933040 1528570202
33984984 374278278
340387 109902362
340394 296658058
3404100290 296658058
34183450 90348498
34218388 483270183
343243 282370910
343243 282370910
343243 282370910
34324641 109213963
34324641 109213963
343297 282370910
343297 282370910
343297 282370910
34341358 61382708
3437639011 57189323
344156 1969429200
344157 1969429200
344157 1969429200
344157 321118040
344346 100091090
344365 1528570202
344427 20226098
344454 96943120
344454 96943120
34509586 368885808
34516434 20226098
34516729 109213963
34532793 296658058
34532821 62493159
34586075 109213963
34586075 296658058
34586075 296658058
346082 83715386
346095 83715386
34613932 109213963
346270 83715386
346457 83715386
346576 1528570202
346756 549349097
346761 296508803
346809 83715386
346836 83715386
346858 368885808
347036 83715386
347036 83715386
347036 83715386
347036 83715386
347064 83715386
347116 368885808
347230 1803720314
347241 100091090
347597 355654248
347597 355654248
347597 355654248
347597 75306666
347708 83715386
347730 83715386
347966 110687265
347966 135858701
347966 135858701
348026 96943120
348026 96943120
348028 96943120
348028 96943120
348074 1299733662
348074 374278278
348074 374278278
348074 57189323
348074 57189323
348074 57189323
348074 57189323
348101 20226098
348101 20226098
348101 20226098
348109 20226098
348110 374278278
348181 540114760
348181 540114760
348181 540114760
34828904 1838055399
34834450 1969429200
34923114 57189323
34923314 1803720314
349892 1299733662
34998961 109213963
34999431 296658058
350133 52272721
35023261 296658058
35032408 20226098
350760 109213963
350760 483270183
350775 20226098
350794 296658058
350798 342404009
350810 32548656
350812 296658058
350820 334095530
350824 100091090
350824 100091090
350824 109213963
350824 296658058
350824 296658058
350824 3248162956
350824 32548656
350824 334095530
350824 334095530
350824 545181844
350824 57189323
350826 57189323
350828 110687265
350828 358269079
350828 57189323
350828 616618652
350830 100091090
350830 109213963
350830 1299733662
350830 135858701
350830 135858701
350830 135858701
350830 135858701
350830 135858701
350830 135858701
350830 135858701
350830 135858701
350830 1803720314
350830 545181844
350830 545181844
350830 57189323
350830 57189323
350830 57189323
350830 616618652
350832 109902362
350832 1838055399
350832 1838055399
350832 1838055399
350832 1969429200
350832 296658058
350832 296658058
350832 296658058
350832 296658058
350832 296658058
350832 4030706955
350832 545181844
350834 109213963
350834 296658058
350836 296658058
350836 334095530
350836 4030706955
350836 545181844
350838 109213963
350838 1528570202
350838 1803720314
350838 1816422065
350838 1969429200
350838 296658058
350838 334095530
350838 342404009
350838 616618652
350840 100091090
350840 296658058
350841 296658058
350842 296658058
350848 100091090
350848 100091090
350848 296658058
350850 109213963
350850 109213963
350850 1528570202
350850 1528570202
350850 1528570202
350850 1528570202
350850 4030706955
350850 57189323
350852 20226098
350852 296658058
350854 109213963
350854 109213963
350854 109213963
350854 109213963
350854 109213963
350854 109213963
350854 1528570202
350854 1528570202
350854 1528570202
350854 1528570202
350854 1528570202
350854 1528570202
350854 20226098
350854 20226098
350854 20226098
350854 474989529
350856 100091090
350856 100091090
350856 109213963
350856 296658058
350860 100091090
350860 1969429200
350860 296658058
350860 540114760
350861 342404009
350861 342404009
350862 1528570202
350862 296658058
350862 296658058
350864 109213963
35090760 109213963
350909 61382708
350909 61382708
350909 61382708
350974 616618652
351059 109213963
351059 368885808
351059 52272721
351059 541001620
351059 545524942
351086 1528570202
351086 1528570202
353414 1299733662
353414 321118040
353414 74572013
353415 109213963
35345951 57189323
353624 109902362
353624 109902362
353648 20226098
353698 296658058
353700 386382180
353705 41625506
353708 41625506
353993 100091090
35403523 1969429200
35403523 61382708
354352 296658058
354352 4030706955
354391 296658058
354394 296658058
35440082 100091090
354432 296658058
354482 83715386
354585 296658058
35476049 109213963
354802 296658058
354811 296658058
354824 109213963
35566025 483270183
355946 20226098
355946 540114760
355946 549349097
355947 20226098
355950 20226098
355989 100091090
355989 100091090
355989 100091090
355992 100091090
355992 109213963
355992 296658058
355995 100091090
355995 109902362
355995 109902362
355995 109902362
355995 109902362
356013 545181844
35618549 100091090
356474 540114760
356478 75306666
356478 75306666
356480 75306666
356480 75306666
356486 75306666
356487 1528570202
356487 296658058
356487 296658058
356487 296658058
356487 296658058
356487 540114760
356489 30701629
356489 30701629
356489 30701629
356489 30701629
356503 61382708
35678541 135858701
35678544 545181844
35678544 57189323
35678544 57189323
35678875 135858701
35678875 135858701
35678875 372035481
35678877 109902362
357157 334095530
357245 296658058
357253 100091090
357253 109213963
357253 135858701
357253 296658058
357253 296658058
357253 296658058
357253 296658058
357265 57189323
35726502 1796305972
35726502 1796305972
35726502 1796305972
357274 20226098
357289 135858701
357289 296658058
357289 296658058
357312 1528570202
357312 297758090
357312 368885808
357312 483270183
357319 100091090
357319 296658058
357321 296658058
357321 296658058
357321 296658058
357321 296658058
357350 296658058
357350 296658058
357350 296658058
357352 296658058
357352 296658058
357352 57189323
357352 57189323
357352 57189323
357352 57189323
357356 296658058
357362 296658058
357367 368885808
357369 368885808
357371 296658058
357384 20226098
357384 4036417663
357384 4036417663
357401 296658058
357413 296658058
357413 296658058
357413 296658058
357413 296658058
357421 283864891
357421 296658058
357421 296658058
357421 296658058
357421 296658058
357421 296658058
357421 296658058
357424 109213963
357424 1299733662
357424 296658058
357424 296658058
357424 296658058
357424 296658058
357424 296658058
357432 296658058
357432 296658058
357446 20226098
357511 20226098
357612 15723173
35778386 52272721
357816 83715386
35847388 296658058
35848032 100091090
359109 1528570202
359189 280754621
359189 282370910
359686 540114760
361809 11997809
36199725 368885808
36199725 4036417663
36229070 296658058
36229070 296658058
362390 90348498
362441 296658058
362441 296658058
362875 109213963
363275 616618652
363299 545181844
363319 20226098
363394 296658058
363488 296658058
363488 296658058
36388619 4030706955
36392029 100091090
36392029 283864891
36392029 334095530
36392029 4036417663
36392029 74572013
36496726 540114760
365572 540114760
365586 540114760
365621 20226098
365622 52272721
365646 20226098
365674 20226098
365674 20226098
365708 20226098
365743 20226098
365749 368885808
365758 20226098
365758 20226098
365758 20226098
365758 20226098
365767 20226098
365767 20226098
366017 321118040
36703305 20226098
36861903 100091090
368764 109213963
368780 296658058
368800 57189323
368800 75306666
368803 20226098
368803 20226098
368891 541001620
368891 96943120
368891 96943120
368895 20226098
368895 20226098
368903 20226098
368913 20226098
368913 96943120
368913 96943120
368913 96943120
368915 20226098
36894550 100091090
368992 540114760
369126 296658058
36921066 100091090
36921129 20226098
370523 549349097
371237 20226098
371250 20226098
371261 20226098
371266 20226098
371266 57189323
3716408 282370910
37194807 20226098
375006 1803720314
375019 11997809
375653 545181844
375656 280754621
375682 20226098
375694 20226098
376242 20226098
376426 20226098
376426 20226098
376824 1323257970
377140 11997809
377756 52272721
379949 52272721
381750 100091090
381821 1323257970
381821 1803720314
381825 334095530
381838 1803720314
381849 109213963
381849 109213963
381849 20226098
381849 334095530
381849 334095530
381849 529053069
381950 20226098
381962 109213963
381962 109213963
381962 296658058
382100 109213963
382844 355654248
385322 100091090
385322 20226098
385360 372426144
385360 372426144
385360 372426144
385400 342404009
385407 1969429200
385450 20226098
385460 20226098
385462 20226098
385488 20226098
385511 1969429200
385511 20226098
385511 296658058
385535 1969429200
385674 20226098
385727 20226098
385781 355654248
385787 334095530
385947 296658058
385955 20226098
385965 11997809
385973 109902362
385973 296658058
385973 296658058
385973 372035481
386446 296658058
386457 283864891
386536 296658058
386538 283864891
386538 296658058
386538 296658058
386542 1497085517
386542 1528570202
386542 1803720314
386542 1969429200
386691 1969429200
386691 4036417663
386691 616618652
386691 616618652
386691 616618652
386691 616618652
386700 1299733662
386715 109902362
386715 109902362
386715 1969429200
386828 52272721
386829 109213963
386829 109213963
386829 1343967564
386829 1803720314
386830 1343967564
386830 96943120
386830 96943120
386835 100091090
386835 100091090
386835 20226098
386835 96943120
386835 96943120
386837 109213963
386837 334095530
386837 474989529
386837 474989529
386837 474989529
386837 474989529
386844 109213963
386844 1299733662
386844 135134941
386844 135858701
386844 1803720314
386844 1803720314
386844 1969429200
386844 372426144
386857 282370910
386857 282370910
386857 282370910
386857 282370910
386857 282370910
386866 296658058
386927 109213963
387476 342404009
387480 334095530
387507 57189323
387507 57189323
387507 57189323
387507 57189323
387507 57189323
387571 342404009
387635 1664426420
387689 616618652
387747 109213963
387764 109902362
387799 109213963
387823 296658058
387843 616618652
387915 296658058
387915 296658058
387948 368885808
388068 1528570202
388068 1528570202
3881803 296658058
389496 1401759075
390161 20226098
390172 368885808
390207 109213963
390265 20226098
390467 20226098
390498 1969429200
390885 280754621
390943 296658058
390943 296658058
390943 296658058
390985 83715386
39224519 109213963
392524 100091090
392605 100091090
392605 109213963
392782 20226098
39311114 20226098
39436489 368885808
39436490 1299733662
39436490 1299733662
39436490 20226098
39436490 4036417663
39436490 540114760
39436490 540114760
39436490 540114760
39436491 1796305972
39443402 296658058
394504 1969429200
394516 296658058
394516 296658058
394516 296658058
394516 296658058
394528 296658058
394575 296658058
394575 296658058
394579 296658058
394580 358269079
394591 296658058
394598 296658058
394599 20226098
394634 109213963
394655 296658058
394669 296658058
394669 296658058
394670 109213963
394670 1969429200
394679 1299733662
394679 296658058
394679 296658058
394679 296658058
394685 100091090
394685 20226098
394685 355654248
394685 616618652
394685 616618652
394685 616618652
394690 296658058
394690 296658058
394690 296658058
394690 296658058
394690 296658058
394690 296658058
3947465 296658058
395153 109213963
395153 296658058
395153 296658058
395153 296658058
395161 296658058
395167 109213963
395167 545181844
395317 296658058
395464 296658058
395479 20226098
395559 1803720314
395583 109213963
395588 52272721
396696 545181844
397453 296658058
397473 296658058
397473 296658058
397473 296658058
397473 296658058
397473 296658058
3986017 1528570202
3986241 483270183
3986326 75306666
3986342 20226098
399341494 109213963
399341494 540114760
399342285 109902362
399342751 4036417663
399354289 100091090
399354289 109213963
399354289 109213963
399354289 368885808
399354365 109213963
399354365 109213963
399354367 71460767
399368709 20226098
39940048 100091090
400161857 100091090
400162245 296658058
400162317 296658058
400162575 545181844
400162575 545181844
400581053 20226098
400581053 3248162956
400581333 100091090
401593725 83715386
401722082 1969429200
401723037 20226098
4017234 374278278
402070840 100091090
402070840 296658058
402070840 296658058
402070840 296658058
402070840 296658058
402070840 296658058
402070928 1969429200
402073803 296658058
402073808 325890444
4022094 358269079
40238842 57189323
40249612 540114760
40249668 100091090
40249668 109213963
40249668 109213963
40249668 1803720314
40249668 20226098
40249668 296658058
40249668 541001620
40249670 545181844
403710591 296658058
404182424 4030706955
405467800 296658058
405566145 296508803
406072138 109213963
406072138 1299733662
406072138 1299733662
406072138 280754621
406072138 355654248
406072138 545181844
406072138 574000875
406072144 334095530
406072144 574000875
406243098 296658058
406243098 296658058
406346804 296658058
406346804 296658058
406730280 83715386
406737211 100091090
406737384 280754621
406737702 100091090
406737702 296658058
406737702 296658058
406737702 296658058
406737702 296658058
406737702 296658058
406737702 296658058
406737702 296658058
406737702 296658058
406737702 296658058
406737702 334095530
407000364 545181844
407002483 296658058
407435011 135858701
407435011 372426144
407442024 109213963
4075813 1664426420
407759226 110687265
407761576 100091090
407761576 374278278
407889632 100091090
407889632 1969429200
4079122 52272721
408055928 296658058
408814308 296658058
408814900 20226098
409031375 109213963
409031375 52272721
409031377 109213963
409060218 549349097
409060879 1323257970
409060981 20226098
409302053 11997809
409302053 296658058
409302053 296658058
409647016 69961016
409830367 109213963
409830367 372426144
409872640 296658058
409872641 296658058
409931770 1528570202
409931770 52272721
410629777 1969429200
411314159 368885808
411314660 334095530
411347945 374278278
411349430 75306666
411349430 75306666
411754259 100091090
412493649 1497085517
412902075 20226098
412902950 109902362
413829644 540114760
413829644 75306666
413829873 71460767
414980062 374278278
41500956 52272721
41500956 52272721
415793618 100091090
415793618 100091090
415793869 540114760
415793869 540114760
416011629 296658058
416011629 296658058
41641787 20226098
41648129 100091090
41648129 109213963
41651193 1497085517
41659253 321118040
41659256 1299733662
41659256 1497085517
41659256 296508803
41659256 540114760
41659257 52272721
41663027 4030706955
417859045 57189323
417859076 20226098
417859121 1816422065
417859121 1816422065
417859121 1816422065
417859121 1816422065
418257873 1497085517
418602258 368885808
418603442 109213963
418603442 109902362
419374018 52272721
419485700 296658058
420401511 135858701
420513647 1969429200
421203025 20226098
421423806 100091090
421563082 483270183
421870099 100091090
421870099 483270183
422094253 283864891
422132597 296658058
422427950 20226098
423227316 474989529
4238506 135858701
424060342 372426144
424496769 135858701
425053743 1401759075
425053743 3248162956
425684930 100091090
425828457 540114760
426850908 1838055399
426850908 1838055399
426850908 1838055399
426881480 135858701
427419745 372035481
4279861 296508803
4279861 549349097
4279879 549349097
428095570 296658058
428116125 540114760
4283127 83715386
430026025 75306666
431259309 296658058
431259309 296658058
431357712 296658058
431357712 296658058
431395209 1969429200
431610014 1969429200
432430647 100091090
432509483 321118040
4330110 296658058
433018381 20226098
433107370 296658058
4336702 135858701
4337372 20226098
4337980 61382708
4340758 280754621
4340758 280754621
4341314 1969429200
434969 20226098
435307753 296658058
435592369 296658058
436514312 109213963
436514312 15723173
436514312 1969429200
436668246 483270183
436698544 296658058
436698544 296658058
436698544 296658058
436698544 296658058
4371020 52272721
437387265 1528570202
437387265 342404009
437387265 52272721
437715323 100091090
437755443 109213963
438462225 296658058
438462600 283864891
438462712 61382708
438462713 1969429200
438462713 296658058
438462713 61382708
439076170 52272721
439122550 3248162956
439122550 483270183
440208470 283864891
440208977 358269079
440239266 358269079
440310238 20226098
440403836 296658058
440403836 296658058
440411424 554972931
440411621 280754621
441120217 100091090
441120217 1299733662
441120217 19511725
441120217 1969429200
441120217 1969429200
441120217 75306666
441491167 1969429200
441491828 109213963
441491828 1803720314
441491828 1969429200
441491828 296658058
441491828 540114760
441491828 61382708
441520 20226098
441722 100091090
441722 100091090
441835079 374278278
442562771 372426144
442867219 109213963
442869201 61382708
443070377 1803720314
443242 296658058
443292045 296658058
443292045 296658058
443860 1528570202
443860 1528570202
443875380 283864891
443875380 283864891
443876382 545181844
444323757 4036417663
444323757 4036417663
444652594 296658058
445703269 374278278
445844493 334095530
446247878 100091090
446297 616618652
446512502 109213963
4472918 83715386
447925067 135858701
447925067 135858701
447925070 374278278
447925725 100091090
447925725 334095530
447925725 334095530
447925725 540114760
447925725 74572013
447926025 1816422065
447926025 4036417663
447926067 545524942
447926724 368885808
448594038 1497085517
448707059 616618652
449196063 135858701
449196063 135858701
449196063 135858701
449643461 1803720314
449818741 296658058
450041299 1803720314
451703096 483270183
451991040 100091090
451991164 75306666
451991318 540114760
452997985 20226098
453176082 20226098
453176082 20226098
453176082 20226098
453927759 52272721
453927771 1803720314
453927774 1803720314
453927774 52272721
453927792 1969429200
453927794 52272721
453927797 52272721
453927798 109213963
453927799 52272721
454828887 296658058
454828887 296658058
454828887 296658058
454828887 296658058
454828887 296658058
454828902 296658058
454828902 296658058
454828916 1969429200
454828916 296658058
454924322 109213963
455305144 483270183
456018615 109902362
458238990 1528570202
458238990 20226098
458238990 280754621
458238990 280754621
458238990 483270183
458356832 1803720314
459720412 545181844
459733036 20226098
459839016 483270183
460043705 372426144
461080452 1528570202
462575815 334095530
462575815 334095530
463145067 545181844
463262368 1323257970
463262368 20226098
463973320 483270183
463973320 483270183
464563060 1341334825
464647429 1323257970
464647739 296658058
464647739 296658058
464647739 296658058
464647739 296658058
464647739 296658058
464647739 296658058
464647739 296658058
464647739 296658058
464647739 296658058
464647739 296658058
464647739 296658058
464647739 296658058
464647739 296658058
464647739 296658058
464647739 296658058
464647739 296658058
464647739 296658058
464647739 342404009
464647739 52272721
464740690 1969429200
466011667 20226098
467011580 283864891
467164485 110687265
467595438 282370910
467595438 282370910
467595438 282370910
468176711 374278278
468878045 374278278
468882560 1528570202
469065899 483270183
469296040 83715386
469410729 283864891
470759673 545181844
470759673 545181844
471289680 374278278
471403427 100091090
471403427 109213963
471403427 296658058
471403427 296658058
471403427 540114760
471403427 61382708
471882265 372035481
471968756 321118040
471968970 372426144
472045245 545181844
472045245 545181844
472137188 358269079
472137696 296658058
472137696 296658058
472141618 368885808
472763319 61382708
472773199 1969429200
473045225 1969429200
473194652 52272721
473307632 83715386
473470191 483270183
474567121 368885808
474925584 358269079
474948610 100091090
475073278 334095530
475073280 334095530
476553241 372426144
476553241 372426144
476659144 296658058
477251491 100091090
477428784 1647240833
477428784 4036417663
478507889 296658058
479219330 474989529
479382670 1497085517
479382670 616618652
479384314 483270183
479384314 52272721
479422898 1816422065
480311421 52272721
480579052 4030706955
480580003 358269079
480580003 368885808
480768665 20226098
480768667 545181844
480769653 109213963
480823627 358269079
481537723 292636281
481859575 83715386
481876542 4036417663
483002866 4036417663
483378330 20226098
483378333 372426144
483378334 1497085517
483378335 100091090
483378335 100091090
484056997 1528570202
484056997 283864891
484057003 109902362
484057003 71460767
484249883 296658058
484730895 75306666
484805905 296658058
485413811 109213963
485413811 1528570202
485413811 20226098
485413811 297758090
486188474 372426144
486855953 374278278
486999662 109213963
486999662 1497085517
486999662 334095530
486999662 4036417663
4871715 296658058
487182047 83715386
4872523 100091090
4872523 100091090
4872842 20226098
4872980 296658058
4872980 296658058
4872980 540114760
4873134 109213963
4873340 1528570202
4873340 296658058
4873540 100091090
4874221 296658058
4874221 296658058
4874225 296658058
4874318 342404009
4874397 296658058
4874558 100091090
4874559 109213963
4874850 296658058
4874850 296658058
4875055 52272721
4875075 100091090
4875079 100091090
4875192 1528570202
4875724 296658058
4875911 100091090
4875911 109213963
4875911 296658058
4875987 20226098
4877246 109213963
4877707 83715386
4877737 20226098
4877789 20226098
4877797 1969429200
4877909 296658058
4877909 321118040
4878033 109213963
4878093 296658058
4878094 296658058
4878607 358269079
4879327 100091090
4879357 100091090
488249475 540114760
488256985 280754621
488256985 280754621
488256985 280754621
488256985 280754621
4899152 100091090
489997519 135858701
490595927 1299733662
491271271 109213963
491294426 100091090
491294426 109213963
491695049 1528570202
491695049 1528570202
491695049 1528570202
491695049 1528570202
491950306 372426144
493042353 52272721
493283125 52272721
4938709 283864891
4940920 109902362
494645974 296658058
494858042 296658058
495996046 1497085517
496869422 283864891
496870423 280754621
4969817 109902362
4969823 100091090
497034035 100091090
497218012 100091090
497218012 296658058
497572729 1528570202
497572729 296658058
497762 283864891
497918887 109213963
497918887 296658058
497994 1803720314
4981374 17944090
498704160 52272721
499875 1969429200
500014 1803720314
500410133 372035481
500665328 334095530
500665328 52272721
500665348 334095530
500665348 334095530
500665348 334095530
500665352 296658058
500686349 1816422065
501077551 296658058
501077551 52272721
501133798 109213963
501302894 540114760
501456603 100091090
502691500 296658058
503214151 109213963
503666118 283864891
5041142 545181844
504264242 4036417663
504265924 100091090
5045231 545181844
504834789 296658058
5048563 4016712418
5048569 296658058
5048569 296658058
5048569 296658058
5048569 296658058
5048569 296658058
5048569 296658058
5048569 296658058
5048569 296658058
5048569 296658058
5048569 296658058
5048569 296658058
5048569 296658058
5048569 296658058
5048569 52272721
5050226 296658058
5050226 296658058
5050226 296658058
5050226 296658058
5053122 296658058
5054921 100091090
5057087 545181844
5057820 20226098
5057897 296658058
5057942 296658058
5057950 296658058
506092013 334095530
506092015 52272721
506092682 342404009
506094660 100091090
506259256 334095530
506986096 4030706955
506986098 4030706955
509512457 1323257970
509512939 109213963
509512939 109213963
509531751 545181844
509728239 296658058
509781616 296658058
509932349 71460767
5111508 296658058
511678808 374278278
511783974 17944090
512063676 100091090
512358388 135858701
512359558 20226098
512359558 483270183
512489621 1816422065
512489621 1816422065
512489621 1816422065
512489621 1816422065
512489621 280754621
513183095 368885808
513183095 368885808
513375983 109213963
513766512 283864891
514054441 135858701
5145730 296658058
514765154 296658058
514774334 100091090
514774334 109213963
515454586 75306666
515796183 52272721
516358164 1803720314
516358164 1969429200
516358164 4036417663
516508188 540114760
5166475 57189323
5166475 57189323
516657051 321118040
516657051 321118040
516657140 109213963
516728102 109213963
5179544 296658058
518895908 135858701
5189652 545181844
519941316 296658058
519943308 1969429200
520102491 41625506
520242139 52272721
520242206 296658058
520277152 293989186
520277152 372426144
520458664 1969429200
520537267 135858701
520537267 135858701
520537267 135858701
520537267 135858701
520537267 545181844
520565741 296658058
520565741 296658058
520565741 296658058
520565741 296658058
520565741 296658058
5208522 75306666
521169592 1647240833
521169592 540114760
521171252 540114760
5212437 75306666
521264673 41625506
521493347 100091090
521657498 282370910
521749251 372426144
521749251 372426144
522320050 100091090
522320050 100091090
522351063 1803720314
522352195 52272721
522709570 283864891
523003357 3267498124
523046186 52272721
523223 4030706955
523248511 545181844
523250334 109213963
5234256 83715386
5235179 109213963
5235179 52272721
5235179 540114760
5235179 540114760
5235179 540114760
5235721 109213963
5236297 4015773754
5238249 135858701
5238249 1969429200
5238991 1969429200
5239544 296658058
5239544 321118040
523981 280754621
5239886 296658058
5239919 109902362
524003141 1497085517
5240551 100091090
524058513 1969429200
524148328 358269079
524152312 358269079
524152312 358269079
524152312 358269079
524152312 358269079
5241526 100091090
5241526 100091090
5242643 83715386
5242750 109213963
5242772 368885808
5243349 355654248
5243416 1969429200
5243416 1969429200
5243631 109902362
5243638 296658058
5244219 549349097
5244822 1969429200
5244822 296658058
5245693 342404009
5246622 100091090
5247524 109213963
5247524 109213963
5247627 1969429200
5249532 296658058
5249532 296658058
5249677 109213963
525081767 100091090
525120014 296508803
5251447 296658058
5251448 296658058
5252288 296658058
5252288 296658058
5252288 296658058
5252288 296658058
525239178 20226098
525240762 135858701
525278585 1969429200
5254337 1816422065
5254337 1816422065
5254337 1816422065
5254337 20226098
525535474 20226098
5257070 109213963
526099067 372426144
5261047 20226098
5261050 20226098
5261050 20226098
526116066 1969429200
5261901 296658058
5261901 296658058
5261904 296658058
5262805 20226098
5262805 20226098
5263408 109213963
5264243 296658058
5264287 1299733662
5264352 109213963
526464089 20226098
526464089 296658058
526468559 20226098
526470057 296658058
526470057 296658058
526470057 296658058
526470057 296658058
526470057 296658058
526470351 296658058
526470351 296658058
526470351 296658058
526470351 296658058
526470351 296658058
526470351 296658058
526472070 296658058
526472519 109213963
5264841 296658058
5264843 109902362
5265278 100091090
5265772 100091090
5266866 296658058
5266866 296658058
5266866 296658058
5266866 83715386
5267160 109902362
5267758 368885808
5269071 296658058
5272610 296658058
5272940 296658058
5272940 296658058
5272940 296658058
5272940 296658058
5272979 296658058
5273217 20226098
5273514 296658058
5273517 20226098
5273949 100091090
5274094 1323257970
5274363 296658058
5274363 296658058
5274371 296658058
5274412 100091090
5274412 296658058
5274412 296658058
5275249 20226098
5279714 296658058
5279718 1299733662
5279993 368885808
5280041 296658058
5280047 296658058
5280051 296658058
5280064 100091090
5280148 296658058
5280161 296658058
528047 4030706955
5280751 1803720314
5281253 20226098
5281398 100091090
5281398 109213963
5282305 368885808
5282450 100091090
528272281 20226098
5284498 83715386
528478901 109213963
5285180 296658058
5285268 296658058
5285268 296658058
5285415 109213963
5285415 109213963
5285415 20226098
5285415 368885808
5285851 52272721
529319768 474989529
529319768 540114760
5299077 20226098
530507 374278278
530986063 540114760
530986903 540114760
530995556 529053069
531786614 368885808
532623964 109213963
532623964 109902362
532776436 374278278
532776436 52272721
532776540 109213963
532776540 296658058
532776540 296658058
532776540 296658058
532940282 483270183
533017717 4036417663
533774110 296658058
534540387 20226098
534540387 20226098
534542464 52272721
534542464 540114760
5363003 15723173
536622404 296658058
536622404 296658058
536622404 296658058
536622404 296658058
536622404 296658058
536622404 296658058
536622404 296658058
536622404 296658058
536622404 296658058
536623692 135858701
536623692 1803720314
537601047 545181844
537601047 545181844
537601047 545181844
537601047 545181844
537601047 545181844
5381570 274802291
5388845 75306666
5392945 296658058
5392945 296658058
5404004 296658058
5404044 296658058
540586222 374278278
541352 1528570202
541511548 296658058
541511548 296658058
541511548 296658058
541687281 100091090
541687281 109213963
541687281 296658058
542317561 109213963
542690155 109213963
542691142 109213963
542691142 20226098
542691142 20226098
542691145 1497085517
543612298 20226098
543656120 1969429200
543656124 1969429200
543656125 1969429200
543656128 274802291
543656128 540114760
543656171 4036417663
543656191 296658058
543965197 296658058
543965200 296658058
543965348 296658058
544708785 1528570202
545589259 109213963
545590291 109213963
546219510 109213963
547278243 1323257970
547379788 1969429200
547971012 135858701
548556869 52272721
549309101 100091090
549309101 474989529
549320309 100091090
549320309 1299733662
549362457 20226098
550716241 100091090
550716241 109213963
551337833 358269079
551337833 358269079
551337833 358269079
551338024 1838055399
551338024 74572013
551339740 1796305972
551339740 1796305972
551339740 321118040
551339740 57189323
551339740 57189323
551339740 57189323
551340498 1497085517
551816010 109213963
551816010 109213963
552448704 1969429200
553187034 100091090
553310138 321118040
553543181 334095530
553546155 616618652
553546158 296658058
554191055 296658058
554241255 20226098
554241255 616618652
554241264 541001620
554241732 1803720314
554244265 20226098
554244284 20226098
554245280 20226098
554245291 109213963
554245291 20226098
554245291 374278278
554503105 374278278
557027669 1497085517
557581040 368885808
557581440 545181844
557583568 483270183
557584447 135858701
557667045 358269079
558328 283864891
559735259 109213963
561097027 296658058
561097027 296658058
562592290 100091090
562594264 483270183
562598081 109213963
563563366 540114760
563563366 540114760
563563366 616618652
564783874 296658058
564879697 100091090
565102244 296658058
565890722 135858701
565890722 135858701
565890722 135858701
566442175 109213963
566442506 1816422065
566442506 1816422065
566443167 1969429200
566443169 135858701
566506089 358269079
566993785 109213963
567490257 52272721
569200210 109213963
569200210 109213963
569200210 109213963
569200211 1299733662
569200212 109213963
569200212 1299733662
569200212 483270183
569200213 3248162956
569213220 13905905
569214247 100091090
569214247 20226098
569214252 109213963
569214252 109213963
569214252 109213963
569214252 109213963
569237963 109213963
569905099 280754621
570333037 100091090
570334040 529053069
571059603 20226098
571059603 20226098
571059603 20226098
571069109 1528570202
571069109 1969429200
571069109 540114760
571069109 540114760
571339196 372426144
571340214 100091090
571340696 539474416
571340696 539474416
571854392 1497085517
573168817 1796305972
573577447 355654248
573581361 1299733662
573581361 1969429200
573968818 1528570202
573969617 1803720314
573969617 1803720314
574925504 100091090
574925506 109213963
574925509 1803720314
574925509 293989186
574925509 334095530
574925509 4036417663
574925512 1803720314
577879 1803720314
579954 109213963
579954 283864891
597359 283864891
59867 296658058
59867 321118040
60154 296658058
601630 93825695
60226 296658058
60384 20226098
60420 20226098
61255 4036417663
625096 296658058
625096 296658058
625096 296658058
625096 296658058
625096 296658058
625096 296658058
625096 296658058
625096 296658058
62874 355654248
62874 355654248
632452 540114760
633113 296658058
63574 296658058
63661 1647240833
63791 296658058
64116 4036417663
64293 1528570202
64293 355654248
64293 3810738776
64312 109902362
64317 109213963
64317 296658058
64317 296658058
64317 296658058
64317 296658058
64317 296658058
64317 296658058
64317 296658058
64317 296658058
64317 296658058
64317 296658058
64317 296658058
64317 296658058
64335 20226098
64435 334095530
64459 334095530
64465 334095530
64561 483270183
64599 296658058
64625 1969429200
64638 1528570202
64797 334095530
64803 100091090
64815 372426144
64815 372426144
65066 1969429200
65285 280754621
65334 109213963
65334 109213963
65355 296658058
65427 368885808
65515 100091090
65515 296658058
65515 296658058
65515 296658058
65515 368885808
65533 296658058
65533 296658058
65538 296658058
65538 296658058
65538 296658058
65538 355654248
65538 355654248
65538 355654248
65540 372035481
65549 100091090
65559 372035481
65681 1341334825
65681 296658058
65681 75306666
65739 1528570202
65739 358269079
65766 1528570202
65766 1647240833
65800 1299733662
65800 1803720314
65800 474989529
65806 4036417663
65859 334095530
65871 280754621
65907 109213963
659081 358269079
65931 109902362
65931 109902362
659395 358269079
65952 321118040
66067 52272721
66164 296658058
66265 1299733662
66285 1969429200
66285 282370910
66452 1796305972
666395 109213963
667177 20226098
66730 20226098
66841 1528570202
66842 3248162956
66899 280754621
66899 280754621
66899 280754621
67002 282370910
67002 282370910
67006 282370910
67116 20226098
67274 20226098
67447 334095530
67467 1969429200
67612 20226098
67903 540114760
68099 20226098
68350 109213963
68350 296658058
68377 296658058
68377 296658058
68377 296658058
68377 296658058
68377 296658058
68377 296658058
68377 296658058
69827 109902362
718765 3721880397
72612 296658058
740530 1528570202
75289 109902362
760058 3248162956
76844 1816422065
76844 1816422065
76844 1816422065
76844 1816422065
76853 135858701
76853 135858701
76853 135858701
76853 135858701
769617 283864891
77099 100091090
77335 20226098
77335 296658058
77338 1969429200
77373 52272721
77397 20226098
77417 296658058
77417 296658058
77417 296658058
77417 296658058
77417 296658058
77417 296658058
77417 296658058
77437 83715386
77444 296658058
77444 368885808
77447 20226098
77447 296658058
77452 20226098
77452 296658058
77452 296658058
77452 296658058
77452 296658058
77452 296658058
77458 20226098
77462 541001620
77466 296658058
77466 296658058
77466 296658058
77466 296658058
77466 52272721
77470 41625506
77474 545181844
77793 334095530
77793 334095530
77801 296658058
784594 483270183
816978 1803720314
817772 4030706955
819097 545181844
819097 545181844
81946 135858701
81979 52272721
81979 52272721
81979 52272721
81979 52272721
81981 135858701
81984 135858701
82105 1528570202
82148 325890444
82154 135858701
82169 135858701
82173 135858701
82181 135858701
82187 100091090
82187 135858701
82190 1969429200
82190 75306666
82197 135858701
82197 135858701
82203 372035481
82206 372035481
82360 135858701
82360 372035481
82378 1969429200
82453 135858701
82461 1969429200
82475 1816422065
82486 1528570202
82486 1528570202
82486 1528570202
82486 1528570202
82486 1528570202
82488 1528570202
82499 1816422065
83010 109213963
85410 20226098
85570 20226098
85571 334095530
85571 574000875
85576 20226098
85576 20226098
85576 20226098
85620 83715386
85624 20226098
85625 4016712418
85629 20226098
85756 100091090
85794 100091090
862098065 109213963
862098812 372426144
862099032 109902362
862099032 109902362
862099032 541001620
862100838 1528570202
862100838 1528570202
862100838 358269079
862100840 283864891
862100903 1838055399
862102221 372426144
86279 358269079
86279 4036417663
863481124 296658058
863515504 135858701
86360 135858701
863997340 75306666
864099057 483270183
864100348 483270183
865040688 334095530
865048849 342404009
865216066 342404009
86524 296658058
865251 1341334825
865251 372035481
865260586 1803720314
865460478 109902362
865492223 296658058
865492223 296658058
867733 1528570202
87166 296658058
87510 296658058
87937 109213963
90856 1969429200
90921 283864891
91441 52272721
92204 41625506
92210 41625506
92305 296658058
92428 1497085517
92629 358269079
92778 135858701
92778 135858701
92791 135858701
93195 1803720314
93471 20226098
93492 296658058
93562 20226098
93562 483270183
93568 1803720314
93666 109213963
94639 57189323
94835 1969429200
95061 574000875
95578 135858701
95666 109213963
95843 1528570202
95850 20226098
96100 296658058
96100 321118040
96888 282370910
97278 109902362
98256 282370910
987320 100091090
